tweetid,sentiment
169760,0
35326,1
224985,1
476263,2
872928,-1
75639,2
211536,-1
569434,1
315368,2
591733,1
91983,-1
67249,2
143459,2
663535,1
20476,0
815297,0
274098,1
30045,0
681487,-1
708966,2
393689,2
186705,2
233977,2
525794,1
863649,0
315964,1
588985,1
669979,-1
137059,2
556915,0
951973,1
72939,0
205796,-1
478581,-1
453375,2
555551,1
219030,0
546209,2
416919,1
433824,1
621526,2
616108,2
70943,0
153248,2
854719,0
616444,1
118418,2
846132,-1
443106,0
758958,-1
376412,2
667731,-1
222107,2
349545,2
284026,2
564727,1
522979,-1
460970,1
371750,2
251299,2
485211,2
502976,1
623282,1
217605,1
225330,-1
58854,-1
723671,2
366409,0
704565,0
655925,0
717618,2
922449,2
729885,2
599133,1
89885,0
249039,0
440750,1
18663,1
314549,2
643414,0
61835,2
659073,1
178597,1
152298,2
581943,1
781913,1
336886,2
624852,1
655116,2
5591,-1
731620,1
872882,2
320393,1
353463,0
816508,2
636325,-1
53058,2
725589,1
693559,0
66255,1
218797,2
307092,-1
188557,0
137392,-1
597086,0
96006,-1
330509,0
78639,2
536231,1
304814,1
553696,1
455898,0
745466,2
846719,2
722710,0
989172,0
492079,2
315869,1
32675,-1
959684,-1
641938,-1
933443,1
458401,1
554994,1
461467,-1
902353,2
178794,1
387356,-1
380276,1
824355,2
685606,2
85488,1
50608,-1
447977,2
943930,2
183083,1
359626,2
810128,1
380913,0
516209,1
993538,-1
594772,1
22428,2
991876,-1
504172,-1
283272,2
914599,0
752129,2
701957,-1
858489,-1
221704,1
409406,1
468372,0
818509,1
204729,1
394896,0
397593,1
465474,-1
450344,2
502719,2
816499,2
291002,1
301225,2
402773,-1
81233,1
642569,1
900041,1
67900,-1
237131,1
311030,1
975455,-1
69232,1
156024,1
268543,2
586693,2
709157,1
582003,2
689136,-1
953619,0
971710,0
809619,0
595597,-1
274499,2
771063,2
597739,2
110053,0
723442,1
881554,0
704923,2
822018,2
505322,2
120776,1
404757,1
811053,0
317696,-1
734766,1
841196,1
400682,0
649511,-1
740566,2
798359,0
861578,-1
5417,2
609894,2
174874,2
227482,2
316886,2
112798,2
44507,0
444423,-1
878768,1
951095,0
970445,2
208227,1
545402,-1
498559,1
454769,2
490905,1
343981,1
891649,1
794296,2
669149,2
104997,2
54711,0
756770,-1
632633,2
882503,1
604089,2
37591,-1
304290,-1
167356,0
398680,1
268980,0
485450,0
246743,1
83632,-1
804653,2
614272,1
699619,1
128361,2
617614,-1
756863,2
550624,2
971913,0
597102,0
468901,2
512603,0
869,0
135515,-1
471002,0
76054,-1
835455,0
593722,2
209903,0
311687,2
38624,1
140169,0
50739,1
134179,0
368885,1
955073,2
642519,-1
849811,1
377434,2
61946,0
128149,2
545779,2
145812,1
839220,0
23630,2
631635,2
659284,-1
636800,0
246233,0
224961,2
227170,1
24500,-1
444613,1
173797,1
183700,1
305251,2
487336,0
521403,2
741971,1
171732,0
354162,2
572875,0
337961,2
39327,1
666488,1
686787,-1
248289,1
644357,2
106812,2
492300,1
929522,1
827492,0
92888,1
748860,1
544547,1
970736,-1
805808,0
320551,-1
210944,-1
109631,2
251292,0
170364,0
948426,2
780776,0
693604,1
799998,1
373943,-1
593149,0
264289,-1
479344,-1
820909,1
492817,1
831733,1
405413,0
685176,2
982870,1
92655,0
929710,1
365298,1
597644,0
908494,2
532450,2
431470,-1
261786,1
126953,1
157454,2
911863,2
968491,2
341684,-1
868000,2
937870,2
196243,2
749947,-1
10201,2
861465,0
418775,1
561942,-1
61831,2
224428,2
470738,-1
694377,0
557591,1
504856,1
988980,2
811937,-1
78955,1
166783,1
2520,1
268418,0
911873,2
380946,0
841067,0
760341,0
872864,1
833511,0
795400,1
947288,1
97754,0
848402,0
77036,2
280663,-1
654324,-1
105628,2
227665,2
169839,2
334216,-1
502105,-1
174279,2
193681,2
457324,1
562231,-1
254480,-1
432635,0
916814,-1
217862,1
454694,1
512554,2
249736,0
979904,0
841942,2
141852,2
279014,2
511552,-1
502057,2
822243,0
586976,2
870627,1
809260,2
258979,-1
342572,1
833715,2
63205,0
327,1
286773,2
831328,1
265516,-1
988076,2
92963,1
813089,1
372840,1
460869,2
700900,2
54421,1
83811,1
932229,2
14731,0
416245,0
91717,1
37782,0
168950,2
791767,1
612474,1
863569,1
833620,0
831050,-1
327186,2
70954,-1
744906,-1
410805,-1
321290,0
560166,0
199999,1
520958,-1
486093,0
433768,-1
170942,1
97769,2
574580,-1
427983,0
536786,0
64572,-1
932658,-1
875904,1
388184,2
448406,0
280094,-1
196585,-1
297123,2
583405,1
749358,2
8540,0
92130,0
682459,-1
493774,1
81514,-1
937131,2
683822,1
181932,0
185061,-1
718905,0
467768,-1
50360,1
37282,-1
324725,1
587613,1
759085,1
995304,0
62430,2
959472,2
134816,0
443799,1
84144,2
626595,1
382192,-1
249680,1
209100,2
505060,-1
510212,-1
454150,-1
900706,2
355447,-1
415557,1
431394,1
796461,2
551013,-1
71926,1
260753,0
883406,0
973790,2
673020,0
573493,1
850799,-1
596499,0
430720,1
970612,1
645141,0
122672,2
572212,2
590281,0
185082,-1
643999,2
276142,-1
522428,-1
242869,-1
859835,1
179238,2
830861,-1
659715,1
742214,0
44768,1
156753,0
689726,0
659825,0
805236,1
484743,2
843791,1
401342,1
268165,2
450971,-1
969588,2
493909,-1
775367,1
102955,2
356595,2
860992,1
478186,1
235851,0
859554,1
383555,1
568803,-1
522415,-1
493050,-1
568528,-1
371027,2
554560,2
969599,2
70097,1
898167,1
483103,2
773089,1
436540,2
214657,0
824653,2
132616,1
962166,2
357327,1
183595,2
338190,0
821753,1
782634,2
355771,2
102889,-1
335544,2
417438,2
99418,0
774033,2
151834,2
573075,2
675187,0
488287,2
317596,1
848773,0
177318,-1
743728,1
166017,1
668192,0
242646,1
572824,1
516374,1
569974,0
368987,2
35989,0
439267,2
425036,1
978741,-1
161511,2
158819,0
225262,-1
398562,0
940439,-1
657384,2
348631,1
950221,1
390207,0
633050,0
45603,1
892219,2
763551,0
219247,-1
78219,2
106376,2
664990,1
61204,-1
444521,2
162744,1
10394,0
107336,0
400960,1
157258,2
762553,0
398197,1
513701,2
450710,2
192494,-1
376697,2
466375,0
600809,1
337306,1
597597,1
282282,0
619747,1
848426,-1
468720,0
954154,0
544640,2
192358,1
768797,2
817583,0
864589,2
104220,1
725297,-1
973859,0
942269,0
145192,-1
965827,2
861437,0
296887,-1
817495,-1
273994,0
799474,0
177872,1
532392,2
770417,0
706812,1
193396,1
863034,0
967152,1
948038,2
608126,0
412897,1
970466,2
604868,2
94532,1
820173,-1
833762,2
604371,-1
961064,-1
419528,2
79982,-1
564369,-1
489017,1
887262,2
402712,-1
963864,2
854765,2
331759,1
26332,1
238943,1
431614,2
329434,1
680680,0
39578,-1
670432,-1
371166,-1
686203,0
118985,-1
263823,1
275604,2
390449,0
553573,2
159171,1
172630,-1
867879,2
555667,0
107607,0
671813,1
29467,2
424298,0
247885,-1
66440,2
794065,1
383354,0
73974,2
597362,2
873587,1
755011,0
736998,1
117248,1
692018,0
813376,1
834684,2
546314,1
876985,1
207998,1
110340,0
715656,2
88611,2
716533,1
269830,0
661339,2
96822,-1
101833,2
548873,0
432375,2
963943,1
105738,1
814952,2
933283,1
476266,2
713154,2
729178,2
739461,1
46459,1
564711,1
9295,-1
89381,2
997108,2
434160,0
632113,0
349480,1
981685,2
891296,2
795819,-1
22856,2
176472,1
760306,2
364909,2
593804,-1
307467,-1
610642,0
129662,2
569359,2
561862,-1
423167,0
840583,-1
683275,-1
190548,0
958471,2
740052,0
631040,-1
976028,0
990527,1
58802,2
406698,0
166458,1
758638,2
864544,0
937863,2
839640,1
43118,1
554437,0
24114,1
594987,2
2994,0
983985,0
738824,2
578675,1
246789,2
459925,1
723464,2
939557,-1
962770,-1
432283,1
295172,1
354011,2
917171,0
368282,-1
799357,2
218943,1
354686,2
180377,0
979574,1
457365,2
855074,-1
527673,-1
785117,-1
973760,0
928581,0
56229,2
489025,-1
43190,-1
563462,2
972585,0
593576,1
327139,0
615819,1
538945,2
967095,1
993681,0
568295,2
969003,2
644408,-1
956047,2
525657,2
56665,1
617655,2
838447,1
931195,-1
577981,2
870874,1
480174,2
695290,0
645362,2
475332,1
78586,1
792010,2
600177,1
579760,1
733217,2
130633,1
246139,-1
83570,2
233932,1
65704,1
720328,1
182815,2
992508,2
582996,0
712952,2
217793,2
960416,1
387077,1
62147,-1
158157,0
16196,0
211659,1
368185,0
681044,2
368951,1
200078,0
947641,1
591630,1
60500,1
257401,2
478713,1
735450,1
633125,2
610055,1
632978,2
365076,2
875539,0
758419,0
709088,1
768261,2
209509,2
127305,-1
121053,1
19558,-1
801712,-1
837454,1
541857,-1
11629,2
10359,2
66175,1
23284,-1
211731,1
32828,2
300306,1
798465,-1
429350,2
96211,-1
287991,2
580986,1
782530,1
446353,-1
404665,1
971456,1
503290,1
675704,2
225076,2
593471,-1
481167,1
161297,0
270003,-1
411180,2
271499,2
672109,1
602150,0
575468,2
181408,0
161726,1
977902,1
788232,-1
725006,0
722658,1
600224,1
793349,1
451620,2
424135,0
88627,1
806009,1
192064,-1
685562,0
284646,1
715307,1
883501,2
842439,1
33587,-1
730304,0
87268,2
494947,-1
557924,2
351002,-1
361958,1
624214,2
513910,2
506543,-1
778056,1
357156,1
370081,1
880261,1
509403,1
580774,2
837095,2
560337,1
132783,-1
304998,2
819879,0
849455,0
346200,0
625746,-1
677462,-1
107732,1
277516,-1
119700,0
219147,1
773453,1
813113,-1
121431,1
258442,2
15784,2
491379,2
767093,-1
508244,-1
711697,2
78517,2
592053,0
723025,0
310230,-1
751878,-1
617843,1
265859,-1
410288,2
708448,1
254072,0
791956,0
515974,-1
972791,1
330960,-1
126876,1
316154,1
179087,1
586916,-1
70846,0
752225,2
404604,0
836527,2
678059,2
333311,1
74980,-1
477908,-1
506657,2
980875,-1
805679,-1
193548,1
818493,-1
625918,-1
215713,-1
126166,1
709380,1
570628,1
898663,1
103967,0
934788,-1
327499,2
953095,1
592527,2
488806,-1
531595,1
899135,2
661210,2
311285,-1
956537,1
536614,2
518252,2
101697,1
136250,-1
571656,1
614530,0
506382,2
990558,-1
414640,2
757228,1
741160,1
80801,2
14077,-1
44115,0
782491,1
141116,0
758470,-1
111565,2
108937,-1
333960,2
495632,1
855633,1
387274,-1
944823,1
676644,0
674904,0
706197,2
751823,2
534701,2
776680,2
856934,-1
838992,-1
73072,1
592976,-1
120301,0
477557,0
331101,0
587789,-1
106773,2
714124,1
772086,2
656418,0
372287,-1
481477,2
938734,2
922926,1
339447,-1
325978,2
42066,-1
382638,0
16052,1
450371,-1
450653,0
299753,1
643564,1
975417,-1
890333,2
759258,1
82004,2
187640,0
790339,1
760264,-1
34404,2
387284,2
111495,2
263613,0
811478,1
615025,0
709431,-1
815398,2
429819,-1
55201,-1
918786,2
505250,0
811168,1
616510,2
810332,1
778191,0
644140,-1
614087,2
350693,0
224411,-1
187760,2
673695,0
624957,2
682615,1
674916,2
404402,1
53072,2
48112,1
785837,0
184816,1
230210,-1
915999,0
376465,2
194186,2
106745,1
992715,0
274295,0
841614,1
855159,2
369248,1
400854,2
232119,1
770087,2
61801,0
582837,1
696188,1
710747,1
943396,0
943553,1
957958,1
170910,2
680524,0
565587,0
749902,2
748072,-1
937512,1
130999,0
342929,1
406526,2
281624,2
111021,0
898463,1
920547,1
300268,2
6377,1
150851,-1
836682,-1
975094,-1
303263,-1
469044,2
826563,0
879918,1
803773,2
535044,-1
129239,-1
123544,2
955118,0
763466,1
302824,1
970253,2
536636,1
225644,1
901410,2
976357,0
276425,2
698782,1
476182,1
560795,-1
734099,-1
874279,2
528799,1
844516,0
42001,1
729333,2
910929,2
436637,0
539943,-1
158515,2
913083,-1
196246,-1
312900,2
247152,1
621919,1
72893,1
989727,1
828411,1
231642,0
294532,1
322655,2
238643,1
226893,-1
22945,-1
667052,-1
330901,-1
893735,1
844155,2
598545,1
792602,0
81394,1
79720,1
450891,-1
689110,2
603282,-1
151774,2
427833,0
514030,2
450842,-1
663940,1
289537,2
93580,1
999485,0
16012,0
602434,2
128526,-1
567878,2
311040,2
397558,2
659249,2
732039,2
257083,0
653366,2
764741,-1
240417,2
941193,0
249928,0
355194,2
466127,1
986184,1
194736,1
193995,2
630191,-1
467505,0
385475,-1
537515,2
689188,2
629787,0
125791,2
873126,0
634159,1
5824,-1
626130,1
710596,2
739055,1
584269,1
930286,2
803604,2
902313,-1
365571,2
418391,1
260874,1
53754,1
406691,0
958946,-1
135258,0
349414,1
988959,1
954431,1
985836,2
698510,-1
509363,0
625498,0
896827,2
393734,0
326465,1
856169,2
404748,2
330862,0
455496,1
571982,0
298506,2
98423,1
660483,2
219919,2
967026,1
640859,0
574291,-1
673739,2
490703,1
811513,2
357267,1
366205,1
47116,2
41555,1
666135,0
997640,2
381416,2
168327,-1
492253,2
422735,1
667117,0
202823,-1
10908,0
366599,2
394665,2
734589,0
210821,2
191243,1
435686,1
7931,0
331666,2
998608,0
598170,2
981822,0
349039,-1
131708,1
440962,-1
719287,2
866736,1
793383,1
486705,2
206701,-1
812095,2
813429,0
300273,1
246003,-1
357693,2
127689,2
554542,1
713892,2
855661,1
413022,1
204680,1
865502,1
70808,0
542694,2
521642,2
90760,2
599952,-1
116224,2
781730,-1
222272,1
520111,0
470642,1
241795,1
585620,0
969978,2
800466,2
665096,1
59084,-1
813349,2
312981,1
965523,-1
921337,2
791417,1
472174,1
514550,2
418510,-1
344814,2
555242,0
603943,1
996818,1
518736,1
194144,1
548422,0
781735,1
90786,1
3051,0
402995,1
224269,1
891634,-1
661409,-1
776823,-1
773037,2
716592,2
709740,-1
230435,0
105775,0
277235,1
323839,2
485009,2
991522,0
421384,2
407930,1
499185,2
634042,2
281534,-1
29564,-1
777475,0
73475,1
924278,2
945887,1
133825,1
750622,0
340947,1
477970,1
841038,1
331429,2
861934,2
117689,2
231985,2
452498,-1
147151,2
402278,0
515529,2
816064,0
320416,1
674363,2
45153,-1
294203,2
69149,-1
892557,0
714218,0
374533,2
799765,1
406896,-1
493645,0
77622,2
351139,2
598383,2
437099,2
811260,1
289021,0
411748,2
834122,1
531633,2
138830,2
855031,-1
621398,0
591179,0
665535,-1
625048,2
395927,-1
819363,2
226513,0
230277,2
217668,-1
646356,1
585846,-1
320140,-1
7769,2
128883,-1
930716,-1
52091,2
865029,2
678269,-1
646896,-1
151820,1
126071,-1
390635,1
846830,2
903429,1
552575,1
51238,1
398685,1
442076,0
245264,1
1847,2
800950,-1
236737,1
371083,1
288557,0
645411,0
582358,-1
105065,0
105707,0
487304,-1
966654,0
367823,0
649275,-1
29185,2
172119,0
685650,-1
173254,1
287735,0
97811,1
838235,2
254835,0
318905,0
259043,2
381017,-1
649757,-1
529954,-1
663529,0
423720,0
22777,1
766694,-1
166583,1
282634,0
353764,1
461317,-1
31680,1
998009,1
491318,2
970330,1
476860,2
415960,1
937064,-1
935085,1
863837,-1
166987,2
65621,1
486600,2
389265,1
151202,1
906908,1
98725,2
741135,-1
184479,0
364623,-1
289083,2
101465,-1
877671,1
414975,-1
819137,0
162715,1
889367,1
682050,1
468148,0
276721,-1
809015,0
82904,1
629958,1
282539,-1
576641,0
721032,0
985863,2
351847,2
102182,1
432256,2
810959,-1
339263,-1
426325,1
634147,0
43694,1
693219,-1
840612,0
292313,1
459823,-1
458700,1
886294,1
72399,2
838493,2
239467,1
966716,2
88590,1
270660,2
612857,1
481502,-1
953534,2
399293,2
325715,1
412226,1
817566,1
610516,0
921902,0
279576,-1
164195,2
233989,2
650411,2
531313,-1
4333,2
643985,0
556079,0
362728,1
619584,2
498930,2
711047,1
280183,2
710884,2
669728,2
873903,-1
133051,2
580652,-1
122184,1
297918,-1
443350,0
942345,0
487311,2
624290,2
462841,0
682584,1
86801,0
614098,-1
71036,-1
603798,1
539219,1
571734,1
891254,0
16967,-1
366465,-1
468888,1
755956,1
854237,2
929586,2
972465,-1
47414,2
237511,1
473045,1
719760,2
3380,2
915945,2
746072,2
793658,1
718346,-1
991582,-1
186975,-1
544544,2
598757,2
352182,0
799769,2
285144,1
406272,2
92988,2
36673,0
558989,1
261633,2
239960,-1
938879,0
638143,0
162574,1
78388,1
966667,0
865944,0
972181,2
946851,1
214800,1
728032,2
600651,1
728584,2
706681,0
589739,1
450581,1
47561,1
401905,0
800981,1
589183,1
222534,2
357670,1
923142,-1
497636,1
443455,2
730705,-1
830855,1
255556,2
961712,0
589379,-1
956735,1
216207,2
650019,0
606200,2
753836,0
847322,-1
273226,1
83629,1
226734,2
788872,-1
870974,2
591870,1
568912,2
789519,1
731488,0
244090,2
735125,2
764484,0
646717,1
31157,-1
152232,-1
414280,0
587546,2
821756,2
373215,1
826764,1
733307,-1
596788,2
57392,-1
761256,2
586312,1
93389,-1
93917,2
73551,2
165581,0
156791,-1
823794,2
63392,2
182207,0
829750,1
101290,2
639078,0
960964,2
884242,2
333194,-1
180605,1
724302,1
464585,2
857134,1
289751,1
746574,-1
5343,1
477522,2
446879,1
546541,2
732463,2
380608,2
336640,-1
52477,0
194507,1
538733,1
622382,1
758067,-1
969245,0
6204,1
360927,1
733862,1
254831,0
312789,1
683632,0
698155,2
581241,0
685887,2
495618,2
98564,0
422534,1
378882,2
175872,-1
135908,0
840249,-1
37433,-1
231996,1
573211,1
703385,2
11101,0
819890,1
572492,-1
120502,-1
146930,2
913546,-1
808868,1
383788,0
629338,1
429250,1
327253,2
233323,2
754966,1
5107,-1
285700,0
997597,2
605325,0
181468,0
921776,1
131890,0
727491,1
407368,0
720318,1
521215,2
699505,2
260605,-1
4496,2
162556,0
283270,0
631070,1
343853,2
195609,2
729294,1
342029,2
31305,2
974349,1
827385,1
110637,1
330981,-1
716213,-1
673772,1
533976,-1
467243,2
671317,-1
232183,1
489015,2
356158,2
988748,2
240002,1
873392,1
345670,1
356761,0
530584,1
177001,-1
525148,0
347083,-1
784269,0
420686,2
918830,2
550616,0
696228,0
861731,2
677852,1
591361,1
962050,1
76649,1
832328,-1
239449,2
467995,2
467450,1
127162,0
477381,1
58715,-1
701473,-1
893061,2
335217,-1
909071,0
471885,2
164325,1
875446,2
366749,2
625267,1
805316,0
779520,1
967449,-1
39093,2
306078,-1
983065,2
106475,-1
380508,2
236562,1
589848,1
741895,2
204042,0
238985,2
468940,1
467571,1
86934,1
650045,1
334396,2
308397,2
435631,2
206312,2
565453,0
250852,2
511144,1
985030,0
5045,0
962371,1
179695,1
571674,-1
708517,1
949891,-1
451267,2
463572,-1
527910,1
446310,0
105414,2
18138,1
653784,0
331838,0
650762,2
826394,-1
164947,1
871573,2
737732,0
78892,2
950200,1
484870,0
382863,0
155451,0
361880,1
625561,1
675442,2
113514,0
19397,2
718093,1
428411,1
908602,0
595852,1
866548,1
516734,-1
203690,2
457889,0
42699,2
564817,1
519244,2
634222,2
851947,-1
925224,1
776585,0
603969,1
848121,1
745737,0
706675,-1
891427,0
311901,1
190297,1
782363,0
44291,2
370428,1
899174,0
144125,2
422237,1
554582,2
242199,-1
232219,-1
224076,1
945898,0
564911,-1
343688,0
371908,-1
627574,2
180485,-1
249763,1
651375,2
660951,0
657758,1
237867,2
782819,-1
791928,2
294609,-1
850390,2
396547,1
142830,2
250983,0
443938,1
831490,0
418267,0
860398,-1
763872,-1
574726,0
142336,2
213055,2
455829,1
656699,0
171902,0
350128,0
714025,1
17420,-1
44772,0
643168,-1
704610,2
820523,1
37607,1
680087,2
509948,0
938423,-1
476346,2
617648,2
659939,1
510346,2
106516,2
187412,1
530662,2
969059,-1
233113,2
881485,-1
396578,1
722776,0
69263,1
783056,0
29053,0
45878,1
845042,2
78628,2
899274,2
485857,2
914284,0
590949,2
286808,2
449133,0
145375,1
769261,2
769524,2
968896,1
313839,2
775822,2
293312,0
495182,1
896063,1
2325,1
795486,2
135329,2
885345,0
703319,0
595781,0
243128,2
589175,0
473007,-1
145261,1
942956,1
524966,-1
713766,2
440834,2
94839,1
730063,0
120270,0
73612,-1
432813,2
317254,0
149855,0
588233,2
860852,2
762132,1
694699,-1
357323,2
617071,2
909332,1
460019,1
175290,2
845224,1
77234,1
337929,-1
846396,1
515567,2
365305,0
410068,0
123198,-1
287376,1
799250,1
744900,1
505135,2
380314,0
272452,-1
164506,1
825234,-1
959388,2
502275,0
663775,2
515364,0
29777,0
857998,0
930993,0
225367,0
299046,-1
54060,-1
153537,1
77959,0
238755,1
913486,1
14443,2
604691,0
56693,1
397430,-1
292158,1
263045,1
686702,2
111969,1
575864,1
592714,-1
788130,0
283215,2
463455,0
84395,-1
111750,1
930512,2
582792,1
172215,1
856082,-1
788739,0
509947,0
407486,1
93916,0
49777,-1
794018,0
448173,1
461282,0
44346,1
505510,1
782839,2
104045,1
568580,1
758553,2
53400,2
441214,0
953386,1
143711,2
120075,-1
215972,2
439116,-1
186431,2
593449,1
607278,2
582945,2
922510,1
767792,-1
795952,2
944860,-1
444063,1
865922,2
752668,-1
977914,1
252208,0
772954,2
254837,-1
237616,-1
371131,2
343754,2
449316,-1
185570,0
47008,1
19133,1
375376,2
578099,2
763558,2
162367,1
690491,2
698617,1
620254,2
217118,0
232363,2
816170,2
449825,1
672636,0
179091,-1
231038,2
291804,-1
710495,1
553086,1
323962,2
581600,-1
704427,1
438734,2
209379,2
415615,2
284806,1
310499,1
346116,0
771257,1
129670,0
532461,-1
847765,1
541807,-1
151102,0
301061,-1
920481,2
223008,2
804457,2
577544,0
724299,2
615253,-1
414925,2
905949,1
633508,2
270235,2
560973,-1
337725,1
307063,0
248899,0
693471,2
32083,0
581827,2
447640,2
862171,-1
263238,2
177423,1
556777,1
814230,2
34166,0
355856,0
961882,1
762704,2
602494,0
34702,0
715552,1
355679,-1
854686,2
171389,1
820375,2
752605,1
923279,1
150302,1
444048,-1
772347,1
707363,2
43036,1
31741,1
902354,2
732442,1
691266,-1
115042,-1
522188,2
815935,2
621337,-1
933944,2
545889,1
639168,2
655821,1
217577,2
988338,1
310934,0
384173,2
850427,2
614699,2
146362,1
58112,2
466658,0
798525,2
569963,-1
434900,2
51794,2
373733,2
78426,0
591624,1
376278,-1
881145,2
423932,2
154517,0
809256,2
592760,1
326267,1
557614,2
657699,-1
792471,-1
687325,0
184414,-1
160393,-1
846792,2
615738,0
988164,-1
487047,2
469101,-1
804088,1
981726,0
661325,2
395935,-1
404054,1
336290,-1
458596,2
721106,1
837210,2
370613,2
123115,1
306643,2
666144,1
108718,-1
319332,0
579193,0
358166,1
141738,1
260609,-1
581967,2
132595,2
488092,1
392202,2
315476,1
205530,0
659291,-1
436218,0
90685,-1
142415,2
24934,0
409382,1
920431,2
796763,1
845251,1
388243,1
604797,-1
152641,-1
248936,-1
938144,0
424611,2
329124,0
665784,0
640825,-1
163428,-1
556966,2
462236,2
940585,-1
836959,1
203375,1
254557,0
980954,1
24797,2
281199,1
574766,1
887404,2
291525,2
649648,1
753473,2
305074,-1
328063,2
567452,1
195871,0
540520,0
875626,2
672918,2
17142,1
644643,0
558196,0
718420,1
941514,-1
142228,0
114046,2
201727,-1
432369,-1
387738,-1
199691,1
180304,1
673181,1
146042,2
558321,0
486158,0
656852,2
746973,0
443873,2
946854,1
206666,-1
329798,0
494754,0
964787,2
992585,2
626550,0
338140,1
86710,1
880166,2
461185,0
840127,-1
909823,1
347835,-1
41851,2
429019,2
822696,1
398282,0
939362,-1
44160,2
193712,0
628281,2
489292,0
616565,-1
347410,2
17963,-1
76228,2
601837,0
569634,0
57381,-1
120440,2
34596,2
28256,1
499154,1
352917,2
642374,0
597069,1
830957,2
317312,2
827075,2
588394,1
706639,1
182537,1
16854,-1
443398,2
434602,1
554528,-1
30214,-1
171137,1
875060,2
961114,1
246680,2
244205,-1
552594,1
726305,2
354750,1
71830,1
345645,1
212044,-1
200267,-1
942846,1
174493,2
333002,2
146187,1
793908,2
496143,0
966647,0
323,2
803875,-1
402047,1
534219,0
703000,0
671584,0
559320,2
188050,0
887516,0
645866,1
466328,2
415728,1
503003,-1
298164,0
633000,2
512067,1
235641,2
343381,0
733240,2
136832,2
389026,0
852347,1
25002,2
294027,1
648266,1
810469,-1
224435,1
952397,2
12004,0
185013,1
486832,0
86045,0
133514,-1
799864,1
781356,2
866735,1
788791,2
907298,1
930620,2
580848,1
438124,1
400009,2
956741,1
748695,-1
831576,0
683218,1
531715,1
555874,2
672398,-1
293081,2
506419,-1
776853,1
857439,1
860763,1
169809,2
410150,0
776743,2
830459,1
612043,-1
247011,2
404518,-1
997644,0
111741,1
921727,-1
921922,1
349946,1
632649,2
10315,1
448017,-1
561814,0
88851,0
317861,1
419424,2
185650,1
931895,2
893553,2
159886,1
48509,-1
697646,0
260134,2
958366,1
497671,1
890683,-1
219061,-1
50736,1
742031,1
431195,-1
159717,1
641424,1
423512,2
229137,1
798844,0
693406,0
371036,1
211835,-1
757133,0
937342,0
977747,2
333823,2
669775,1
260295,2
677043,0
477036,1
194820,2
833593,0
737103,2
838487,0
14362,-1
433532,1
375715,1
274541,1
115978,1
905000,2
343053,2
168437,1
794305,1
149132,0
255482,1
786652,-1
18795,0
261144,0
2575,1
477704,2
645226,1
613988,0
141972,2
863542,1
922667,-1
419431,2
960388,0
853322,2
622813,-1
785330,-1
810188,1
53815,2
818404,0
747464,2
754308,1
128943,0
996229,1
964585,1
959469,-1
354761,-1
102989,2
67926,1
122021,1
549342,2
446441,2
196355,2
589487,1
70611,-1
683684,0
978725,2
13287,-1
809747,2
838185,1
647188,-1
616174,0
754798,1
620739,-1
644772,0
96841,-1
818549,-1
24845,1
397713,2
924727,1
164077,1
442722,1
583077,1
840571,2
415337,0
148578,2
239214,0
521908,0
947679,0
227844,1
701507,1
617736,1
509196,1
585430,2
839425,0
414230,2
916592,1
705572,-1
282147,2
201741,0
464689,2
506099,-1
315331,-1
258435,-1
910541,1
394712,1
424092,-1
204080,1
744870,-1
644004,2
107636,0
661174,1
19909,0
927163,0
358829,2
186937,2
98072,0
43449,1
996972,1
365705,0
27742,1
165638,2
419439,1
254018,2
980316,-1
849752,1
601238,-1
763081,1
767129,1
292040,0
800470,1
408830,1
902403,2
495974,-1
97966,-1
612358,1
601862,1
484009,2
24147,-1
545781,2
404273,2
459068,2
706804,0
570687,2
611072,1
985616,2
164701,0
599031,1
291016,0
871590,-1
375923,2
625713,1
544267,2
597520,0
201908,1
779450,1
41388,0
324210,0
527518,0
995095,2
68508,1
645526,1
803925,-1
310865,-1
243590,1
739831,0
838039,2
93918,2
115526,2
164262,1
727311,1
735220,1
468210,2
689122,1
53596,2
799186,1
101084,1
30439,1
810252,1
821303,2
292964,0
302407,2
271892,2
732321,0
447410,-1
803265,-1
196513,0
365268,1
202213,0
325954,0
969878,0
626863,-1
549662,2
583897,2
81079,-1
74615,2
390771,-1
921683,1
260545,2
746062,-1
523766,0
369387,1
387902,0
407975,0
843647,0
668518,2
259924,0
823007,2
133194,2
999383,1
844853,-1
811166,2
700248,0
312802,-1
703577,1
842529,1
133240,-1
637996,1
242561,2
970006,2
651603,0
339673,1
675644,1
793976,-1
162961,2
469570,1
681176,2
887401,1
891406,0
751950,-1
965377,2
773946,1
84122,0
845066,2
389748,2
837821,-1
967629,-1
864765,2
266087,0
41710,2
112134,-1
513080,1
452254,2
564272,2
876098,1
273845,2
343129,-1
622330,2
296515,2
199651,-1
265010,1
124863,-1
619557,2
500287,-1
366450,1
626887,1
426254,2
535685,2
617761,2
616786,-1
863271,-1
516407,2
148449,1
849472,1
665945,-1
479060,1
736724,-1
288008,1
638394,1
779022,0
951766,2
535506,0
202738,-1
863224,1
870370,1
721194,2
981141,2
252336,-1
77169,1
68528,-1
38903,1
256464,1
11425,2
898966,2
860813,1
873715,-1
81184,0
106630,-1
203802,1
904553,2
793878,2
727291,2
659013,2
170414,1
545030,2
935399,0
720843,0
24407,2
368110,2
503818,-1
556178,1
905326,0
337724,1
69700,1
114542,2
160079,0
903579,0
646349,2
161942,-1
598614,1
663644,-1
329622,1
263883,1
296398,0
566777,2
158516,1
764934,2
404621,2
803119,2
610999,1
737690,0
312628,1
712615,1
188749,2
814343,-1
988637,1
880191,2
280042,0
630479,0
46849,2
667139,-1
445425,0
136052,-1
811010,0
170283,1
900662,2
493441,1
94212,2
753640,0
312169,2
202533,1
102614,2
619990,1
86350,1
63121,-1
121852,0
600352,1
124929,1
75897,0
574497,2
24804,1
596222,1
906004,0
539619,-1
110125,1
448051,2
790726,0
822650,2
381243,2
730979,1
936649,-1
587095,0
612202,2
429050,-1
700694,0
851416,-1
547091,0
51713,2
125090,1
81094,1
46987,2
10385,2
660879,0
815867,1
182651,-1
13152,-1
612985,2
668026,2
286216,1
872878,0
346203,2
717045,0
118481,1
67795,-1
965112,2
942456,1
49607,1
336321,2
220175,1
218973,0
458027,-1
932536,0
239165,1
473283,1
10468,1
965411,0
733655,-1
383468,2
796762,2
184596,2
327092,1
158124,1
998269,2
332356,0
495084,-1
610404,1
478417,1
599073,1
476278,2
433925,-1
184487,2
899620,0
237593,2
637818,1
487541,2
323186,0
767342,0
897943,0
893076,-1
227111,1
484479,0
142536,1
511856,1
486621,1
793118,-1
350625,-1
875997,2
520873,1
980231,0
486454,1
790783,2
119066,-1
795590,1
703949,1
226753,2
497219,0
133965,1
108181,-1
574156,1
510374,1
547861,2
154116,2
445954,0
997533,1
624946,2
463357,2
912071,2
789575,0
733504,-1
921494,0
182771,2
577188,-1
77565,-1
13576,-1
850213,1
233403,0
158376,0
42715,2
125277,2
794752,1
738883,1
646317,2
908688,0
767328,2
771691,1
259880,2
825122,2
884467,2
787682,2
609778,2
737682,1
908388,0
424425,0
323128,0
628679,2
678862,2
838507,-1
205713,1
681150,0
7572,1
941573,-1
274509,1
684872,1
370024,2
291351,1
155280,2
493518,2
955736,-1
475150,1
814784,2
934550,2
236229,2
868776,1
724046,-1
948949,2
383876,1
131974,2
986064,1
428108,2
926841,1
494582,1
781163,-1
92910,2
486,0
491939,-1
53227,1
800250,1
253165,1
31100,1
457211,0
164443,-1
646128,2
26297,2
641969,-1
593800,-1
256579,0
805014,2
418189,1
640885,2
497723,2
627483,-1
654700,-1
237079,1
432087,1
572031,1
962862,2
73015,2
308754,0
686614,0
620529,2
342626,0
875135,0
135651,-1
566883,2
708737,-1
771565,0
146085,0
713094,2
540959,2
824998,0
387636,1
6977,0
581176,-1
272574,-1
312899,0
405772,2
423226,2
15617,0
73801,-1
581076,-1
763519,2
916909,-1
646077,0
551261,1
182472,1
180047,0
986479,2
238659,0
76266,-1
98479,1
177204,1
298152,2
328729,1
297260,1
567264,2
329437,1
985621,2
789426,1
246326,2
933736,2
378617,-1
254499,0
174922,-1
312720,2
568863,2
903966,1
730989,0
191303,2
261053,1
179969,0
411209,1
293338,0
224041,2
627912,2
763334,0
769155,2
93337,1
802385,1
42183,2
407596,2
368054,2
618952,-1
648741,2
877147,-1
996306,1
154289,2
333682,2
746454,0
504683,0
455348,2
744762,-1
153848,2
429721,0
460217,1
622753,0
925836,2
140313,1
498154,-1
848278,2
694120,0
614569,-1
511015,2
56117,1
97915,1
684968,0
290122,2
896238,2
105501,-1
155182,2
243396,0
425069,-1
3804,2
92161,1
360732,0
850932,1
20149,2
695895,-1
972635,-1
986282,0
568549,0
434652,1
507521,1
263473,0
267646,2
149939,1
274077,1
776304,-1
370879,0
404861,0
204227,2
819486,1
142966,0
818701,0
274044,1
665722,1
421305,-1
704236,1
349774,-1
635513,-1
652424,0
146233,2
676332,-1
696485,-1
474898,1
939207,1
135234,0
4494,1
678001,2
505970,0
656254,-1
552023,1
561933,0
885448,1
284977,1
455946,2
891808,0
349787,-1
598581,1
327527,2
631112,0
780626,1
617439,1
778454,1
411141,0
694508,2
451340,2
200823,1
252827,1
997245,2
593241,2
150780,2
701541,2
342006,-1
182752,2
597528,1
979212,-1
730965,2
705732,2
852885,0
567968,1
58159,2
485485,-1
270505,0
221568,2
261639,-1
493242,1
988625,2
127890,-1
582873,2
596848,2
653100,2
681574,0
228139,-1
121922,2
941781,-1
169175,2
253167,2
715413,1
15656,-1
825086,1
207315,-1
823519,1
369940,2
359076,0
802295,2
44252,2
230042,-1
663144,1
235342,1
948529,2
649033,1
622688,0
500735,1
295382,1
982200,1
349178,-1
395381,2
544107,2
538241,-1
591984,1
45181,1
708342,2
950412,2
118586,2
833509,1
694880,0
501069,2
537327,-1
736909,-1
777838,2
14607,0
198247,1
532727,1
971954,2
506983,0
740265,2
628974,2
273978,-1
890446,2
555626,1
266376,-1
555259,-1
605751,-1
642647,0
8695,2
288654,0
420856,2
822637,1
495623,2
444782,1
598329,-1
581704,2
274996,2
185975,1
6500,0
4922,2
314724,-1
864689,-1
890303,2
298217,-1
58759,2
665061,2
711365,2
53886,-1
639109,1
955199,0
56403,2
986454,2
725929,1
308560,0
63259,2
893580,2
910594,-1
635622,-1
332270,2
230361,1
970928,1
987005,0
599243,1
415291,0
353090,1
571695,1
442038,2
766968,-1
572932,0
770249,1
380515,2
308454,2
870967,1
35630,-1
809561,2
51932,0
937854,0
845936,2
48136,2
337375,0
129260,-1
651061,2
949433,1
38474,1
780400,2
900148,2
717361,-1
315768,2
1094,-1
371575,0
334703,1
347301,1
333023,0
760539,2
986393,0
113410,0
533841,1
646375,1
208765,1
874552,2
581056,-1
564133,2
238576,1
771517,2
569298,1
362439,1
313524,2
453646,-1
267618,2
552103,2
922833,1
161548,2
547728,2
882173,2
196745,2
329376,-1
561279,2
152362,1
577289,1
569331,2
797033,-1
697697,-1
705751,1
780961,0
607260,0
56078,0
233570,0
900516,2
526766,-1
950781,1
445119,0
299523,0
700364,0
638191,1
746929,-1
585971,2
568079,2
102283,1
154483,-1
870534,2
367520,1
483579,1
846473,-1
863386,0
448491,1
879144,1
661533,2
778544,0
26334,1
568606,1
694622,1
176767,1
787826,1
765977,2
79002,2
628012,1
468570,1
989146,1
458415,0
677605,0
896052,0
689114,2
743964,0
562549,1
609521,2
769546,0
936010,1
28321,2
907350,1
15176,2
619727,2
755696,1
659339,-1
868242,2
878577,2
27645,-1
94375,2
96253,0
106662,-1
927688,0
174681,0
5808,0
562069,0
697588,0
323681,2
767676,0
23872,1
901914,1
940000,2
152867,-1
174045,0
952247,0
420045,1
219993,1
384450,2
284022,2
281768,0
969999,2
692396,1
566712,1
397080,2
400965,2
553873,1
314655,1
210043,2
66392,1
888438,2
42015,0
155936,-1
456964,1
100619,1
165244,1
918091,0
225368,0
809620,2
543287,0
858075,2
342041,2
501333,-1
688842,1
259862,1
844239,0
939482,1
851282,-1
782419,1
156502,-1
411451,2
778098,2
748621,2
991104,1
429100,-1
242868,2
383918,1
665976,2
464303,2
136987,2
210063,0
931052,2
726315,1
430258,1
366927,2
303238,1
485960,-1
300485,1
486143,-1
487258,0
86791,1
483979,2
557002,2
651130,1
240130,-1
854919,1
126330,1
959514,1
669369,0
906463,0
251017,-1
17936,1
275097,2
973737,2
398175,1
549419,1
830932,-1
62153,-1
836743,-1
688979,2
467710,1
786829,0
475922,0
756330,2
129546,2
283112,0
177141,2
27227,0
991302,2
769041,2
982553,1
882621,1
953530,2
834944,0
561470,0
384297,1
521834,0
878776,1
800561,2
332192,0
626665,2
720978,-1
471603,-1
840316,2
270413,1
666499,1
934904,-1
750005,1
370595,1
93511,0
389325,2
285464,0
537960,1
523402,2
453346,2
286755,1
735544,2
737829,-1
866869,0
887135,2
539693,2
912791,1
32937,1
607228,1
678005,-1
547998,2
111384,1
135862,1
585961,2
851295,-1
876430,-1
161949,1
265741,2
469560,1
625147,1
843557,1
246532,2
397532,1
363915,-1
535584,2
195696,0
432742,1
45471,2
147931,1
351920,-1
728240,2
15379,2
138964,2
406562,1
673979,-1
6599,-1
3316,2
963207,2
292792,2
715826,2
901330,0
658591,1
700745,2
684686,-1
585044,-1
72912,1
292080,1
775106,2
429183,-1
79809,0
710041,0
359322,0
558178,0
883974,0
796425,0
792125,-1
603149,1
412743,1
899120,1
77176,2
48054,2
744133,2
792380,1
450463,1
923478,2
825217,1
92054,-1
455204,1
166549,0
864815,-1
736961,-1
495799,-1
988766,1
440864,2
7273,1
114016,0
713565,-1
713129,1
681654,0
633587,1
489731,0
71236,1
954902,0
608676,2
841621,-1
938387,0
96791,2
336255,2
654234,2
568095,-1
297199,2
63520,1
146672,-1
156613,-1
209688,2
233240,1
635250,0
818370,1
250804,0
472432,-1
526619,1
932140,-1
678223,1
499800,2
94093,2
975989,0
546488,-1
823328,-1
83230,0
613657,-1
465639,2
37735,-1
508126,-1
338723,2
216769,-1
924616,1
128444,-1
781378,0
161766,0
629937,-1
448114,2
337455,1
928110,0
348665,1
925085,2
350345,-1
255901,2
798119,1
649555,1
678457,0
127945,2
306053,1
429997,1
84686,0
178031,0
433817,1
727081,1
92555,1
736073,-1
684291,2
208436,1
631966,-1
632170,2
552169,1
700411,0
398682,0
864408,0
791122,1
311939,1
212992,2
439770,0
888670,0
246648,2
52909,-1
185340,1
954861,2
312141,1
779676,2
501230,1
655913,2
869690,-1
692291,0
7733,2
323305,1
522534,1
255257,2
342294,0
336712,0
847143,1
958883,0
32011,0
645444,1
591370,2
921487,0
213184,2
191035,-1
486019,1
967576,2
485397,0
274091,2
971373,1
80530,1
441388,2
219687,1
589095,1
717337,1
309919,2
624761,1
538959,-1
933506,1
255735,1
960885,2
547227,1
955114,1
490235,1
30625,2
344466,2
352351,0
91361,0
644448,2
321910,2
294122,1
502744,-1
450547,2
952430,0
917415,2
546639,2
498408,2
19737,2
89008,2
401448,1
117558,0
713838,-1
52888,2
692934,-1
211232,2
738012,-1
430717,1
429013,1
622733,0
175296,-1
208540,2
341637,1
980407,1
747972,-1
10675,1
413483,0
492601,2
440868,1
179308,-1
850302,-1
994884,-1
280069,1
225213,1
383465,-1
495245,-1
457142,1
918082,1
850665,2
119798,1
197624,-1
419286,0
66539,-1
937594,0
458056,0
391586,-1
537905,-1
940773,-1
63636,1
350290,-1
399262,-1
879570,1
242644,0
360419,2
702569,-1
195816,-1
757711,0
927763,1
709644,2
713965,0
645834,1
917740,1
102859,2
302987,2
533731,2
989796,-1
998974,2
238041,2
849413,2
277751,2
42975,1
243718,2
993297,1
162328,-1
341635,0
650311,2
244956,2
203918,1
474921,0
111066,0
706768,1
701078,1
469942,-1
396077,2
930734,1
769160,2
324,-1
685392,2
195255,0
132265,1
232617,1
671491,0
24200,1
670870,0
187081,2
740680,-1
183014,-1
1002,1
437581,1
13562,1
525771,1
484704,1
435190,2
563240,0
980945,2
71688,0
43993,1
674237,1
609692,-1
994995,-1
17950,1
660705,1
488065,0
718541,2
789782,0
774504,1
942387,1
913856,0
68822,1
498872,-1
282396,1
607114,1
293524,-1
67727,1
926215,2
237135,1
13937,0
105223,-1
989572,2
548324,2
565886,1
319852,1
958100,-1
343719,2
731863,-1
603466,2
119608,1
692785,0
764412,2
853757,1
822612,0
400706,-1
506377,2
676465,0
528708,1
426419,1
540054,2
912100,-1
274630,1
554174,1
905680,0
418450,1
418141,2
307012,0
890324,0
682705,2
379783,2
843593,-1
22034,2
616085,2
672236,2
440264,0
162520,2
571452,2
178299,2
187726,-1
162956,-1
650239,2
285695,2
62508,1
601101,0
888833,2
452911,2
532091,0
647934,1
205997,-1
376530,1
491158,1
670340,0
63710,1
373166,2
123762,2
949504,0
282697,1
796241,1
968995,0
114369,1
505454,2
804838,1
254338,0
357839,2
356216,0
27874,1
985071,2
718353,2
10863,-1
519963,2
398011,-1
858431,0
781976,2
647740,1
509315,2
180805,0
153440,1
721700,-1
665905,-1
425155,2
592618,2
604000,1
706419,1
626332,2
675525,2
35335,0
879999,1
695422,-1
282559,-1
347486,0
237897,-1
83693,0
434463,0
936349,1
467990,2
339981,-1
998342,2
769234,2
812406,0
325242,0
274653,1
141806,-1
239144,0
537273,2
147807,2
207974,-1
357314,0
789590,2
752831,-1
719483,2
717031,-1
744804,0
912022,0
541124,1
999263,-1
986822,0
397991,1
819649,1
917021,1
742017,-1
68689,1
233448,0
391815,2
625916,1
602874,1
384242,0
248317,2
597775,1
505736,1
830762,0
268977,0
169209,2
674056,-1
303834,1
893012,1
950264,1
155098,2
643801,-1
37382,1
239109,2
811745,2
307324,1
651589,2
728961,1
995965,-1
32617,2
345264,-1
670510,2
187322,1
643839,-1
656403,1
407063,1
456801,-1
279241,2
173656,2
140144,-1
695410,2
342379,0
904821,2
102149,-1
315058,-1
443380,2
328359,2
822742,1
363827,0
369444,0
15004,2
425757,-1
795670,2
994106,0
521233,1
629606,1
428345,0
376182,1
557421,0
351678,1
566520,1
951080,0
431383,2
164681,1
711690,-1
487536,1
12892,-1
93856,-1
616594,2
55340,2
977890,0
767055,1
449932,0
916728,2
116029,1
385866,2
560183,1
264529,0
410097,1
759381,0
846166,0
975978,-1
73908,1
564366,1
218212,2
774290,1
468930,0
692526,2
425303,1
907670,1
345212,2
686682,2
130895,1
78847,-1
813529,1
512340,2
643621,-1
492385,0
105981,1
106267,1
395551,1
133092,-1
62304,-1
773877,-1
261474,-1
2066,-1
880642,1
168822,0
291414,-1
518500,2
474278,2
250041,2
369792,2
549105,2
735919,-1
415660,1
390548,2
586365,0
801663,2
21444,2
429715,2
485778,0
353052,-1
39102,1
874377,0
582519,2
714029,2
562887,0
161206,-1
242518,0
333341,0
526794,2
862925,-1
964831,0
141282,2
642970,1
437390,2
251594,-1
3947,1
782071,-1
876155,1
518691,2
571034,0
57352,1
444558,2
44613,0
583126,0
516278,1
599097,2
144626,2
362282,0
465505,-1
781993,2
840724,1
385584,2
332709,0
913766,0
49767,2
416908,0
607640,2
642312,-1
66809,1
55451,2
776252,2
146193,2
839366,1
579210,1
597687,1
619476,0
414013,2
380700,1
896367,0
334698,0
314624,1
991473,1
549413,1
242209,0
969368,2
348883,2
418492,-1
470540,-1
458378,1
109266,1
796016,2
146189,-1
908598,-1
305829,0
150626,0
314295,-1
785092,0
349953,1
315604,-1
719053,2
625475,2
904281,2
864899,2
98191,-1
393935,1
976682,0
115902,1
714477,1
904871,1
40002,1
196167,-1
876677,2
639041,-1
658238,2
118538,-1
585684,-1
212373,2
439871,1
372248,1
808291,1
740677,0
286600,2
39137,-1
242134,1
789533,0
974607,2
121892,2
925466,0
659381,1
71947,1
619589,2
538261,2
401624,1
592687,2
770681,0
655254,0
803295,2
770982,0
841939,2
773430,2
910369,0
529946,1
453960,2
199412,1
928138,0
89026,1
936076,0
48194,1
543968,1
428811,1
199176,2
308647,-1
472164,1
14347,2
792863,0
730475,0
302030,-1
729730,0
355810,2
520559,1
116986,1
242175,2
214431,-1
627510,1
372797,1
821047,2
859883,2
184039,2
575649,-1
406507,2
208568,2
371985,2
440835,1
647629,1
897754,-1
802877,2
254620,2
306648,-1
80762,0
65253,2
221872,-1
655251,0
400521,1
899111,2
213627,2
32882,1
127013,0
296021,0
246508,2
881303,0
877621,-1
913736,2
28168,0
616816,1
337927,-1
60850,2
382625,1
306424,2
125916,1
887268,2
646241,0
833300,0
640993,2
185928,1
723717,1
161924,-1
653426,1
326871,2
23219,2
694941,-1
511624,2
713841,1
757148,2
233609,1
481699,1
788178,2
258840,-1
180910,0
143846,0
397187,0
735956,2
697066,0
398754,1
159756,1
583833,-1
347170,1
840626,0
976083,2
936082,2
707118,0
230817,1
647480,1
886880,-1
669722,2
89211,1
965203,2
205053,2
792494,2
810157,1
244378,2
953700,0
823363,2
643295,-1
844388,-1
111866,-1
891158,0
658186,1
376161,2
733882,-1
524949,-1
754796,-1
747068,1
260344,1
341280,0
833793,0
456224,1
942777,2
813648,1
703664,2
454700,1
774633,1
713981,2
439771,-1
877051,2
557810,-1
999361,2
541390,1
843489,1
864943,-1
624938,2
672160,2
651084,1
657393,1
730399,1
507652,-1
836399,2
231,2
141372,1
67600,1
486188,0
788413,2
163707,-1
175537,1
899924,-1
387467,0
300294,0
263648,1
546601,1
208409,2
988785,-1
460408,2
596290,1
152927,1
330596,1
813049,2
29924,-1
966487,1
211780,-1
934971,2
396644,1
389863,0
151900,2
529295,-1
197911,2
795755,2
826090,-1
10291,1
827586,2
342303,-1
467556,2
237893,-1
182715,0
523321,1
363106,2
23004,1
928252,-1
391847,1
675665,0
348827,1
729449,0
232059,1
171354,2
161420,1
920419,1
125728,2
529144,-1
38443,-1
923595,0
281501,1
755722,1
34877,1
948297,2
655292,0
624662,-1
617813,2
872665,1
251854,0
836359,1
798768,1
922488,1
446131,1
711942,0
132672,0
117315,2
786925,2
88937,0
841709,2
764509,0
263838,0
903611,-1
135121,1
144821,2
632162,-1
360173,0
448103,2
678866,-1
415234,-1
724647,1
665309,-1
957065,1
224939,-1
133760,-1
402953,-1
647958,2
973496,0
211487,-1
970549,1
322361,1
758055,2
34105,1
684967,1
167784,1
645719,0
183603,-1
644988,1
417921,0
634015,0
855655,1
364166,0
818184,-1
637913,1
584433,-1
54701,-1
417381,2
883513,1
518360,1
599938,2
638621,-1
961715,1
697302,0
167532,1
65065,1
872916,1
199128,-1
977732,1
387630,2
42462,2
349811,-1
534173,1
785799,2
403726,0
504476,2
32252,0
440593,1
892685,0
536460,1
806307,1
670875,1
681122,1
781879,-1
247068,1
112810,1
603763,2
340383,2
401550,2
397696,1
292460,1
46055,2
922725,0
420119,-1
345844,2
495305,2
575462,-1
353591,1
697999,1
645309,2
775388,1
616411,-1
137885,-1
451960,1
789115,-1
477120,2
471531,1
643397,2
981119,2
905720,2
527327,2
214262,1
764356,0
285265,1
109031,2
889920,1
918544,0
345862,2
626861,2
407425,0
112891,2
892965,1
500622,2
359206,-1
132398,2
141932,1
27158,2
312699,-1
641045,2
548793,1
614023,-1
195809,1
462314,0
505590,1
475827,1
347787,0
246778,0
974119,-1
585186,2
76203,1
637597,0
999983,0
465780,1
735013,-1
290151,-1
347870,2
446311,1
408612,2
196509,0
129739,-1
624840,-1
806364,1
616197,0
376651,2
568226,1
51453,2
646773,0
462459,-1
932633,2
420183,-1
992903,2
968742,1
345859,2
890862,0
674121,0
268219,0
7655,1
497236,1
186163,0
706987,0
128531,-1
315675,2
746780,1
968654,-1
252133,1
53344,1
933095,0
161392,0
694317,0
682757,1
583969,-1
230320,2
927233,-1
702609,-1
449579,2
52493,2
275488,0
308521,1
960368,2
275530,2
833217,2
800449,0
244138,2
642606,2
370237,0
36966,2
12748,-1
465047,1
688977,-1
843598,1
790157,1
242160,0
628826,-1
446288,1
322424,0
803087,1
634079,2
825627,0
961667,1
33808,0
198272,2
990123,2
469488,2
463957,2
880361,1
584773,2
374553,-1
183275,-1
113375,2
190844,-1
795230,1
444102,1
259635,2
497056,0
205201,0
830570,2
177632,2
874661,1
204768,1
426709,0
666101,-1
728666,0
622683,2
539304,1
490246,0
862832,-1
91092,1
629284,1
581779,1
767922,0
207825,2
488877,2
290673,2
587933,0
12343,2
991667,2
366178,1
990370,2
345018,2
900182,-1
23133,0
813652,1
155474,1
265814,0
976781,1
853893,2
125784,1
722067,1
203641,1
455687,2
21780,-1
739736,2
663336,0
669160,0
99220,2
736519,2
162533,2
272392,2
809568,0
408446,2
293618,0
614427,-1
448949,0
434123,0
694186,2
480120,-1
343589,1
595575,1
880717,-1
302744,0
631761,1
706535,1
121619,1
177940,2
94004,0
300637,2
324458,1
336980,0
3151,-1
390611,2
336024,0
811013,2
920143,-1
824716,0
453544,1
368830,-1
556824,2
744397,2
647697,-1
539985,2
399389,-1
715168,1
784741,1
117318,2
568817,2
377392,1
111643,2
8723,1
262101,1
551225,0
377121,2
388278,0
387855,0
396758,1
821375,1
307577,-1
11874,2
152947,1
373196,2
681799,1
195033,1
470515,0
542193,0
786188,1
952036,2
782706,-1
232723,2
443670,-1
685079,1
276015,1
373750,0
956265,-1
847491,0
511736,2
301549,-1
491260,0
502197,1
972927,1
740869,1
519113,0
573875,1
858962,0
528969,-1
570551,-1
883034,2
169392,1
269695,2
47454,0
391822,1
628083,1
644328,2
436950,-1
26551,2
647139,2
179680,2
363692,1
483048,1
540983,1
788092,2
205106,1
785011,0
33426,2
338299,0
240223,2
514220,1
767021,2
458376,2
871950,1
648034,2
302254,0
638987,2
543051,1
518964,2
205963,0
895438,1
838812,2
396598,1
9385,0
53503,0
857881,1
899149,1
983942,1
717325,-1
193613,2
287333,1
242144,2
966042,-1
167148,2
3451,1
223188,2
571929,1
484537,2
261371,0
333480,1
717182,1
18369,2
239212,-1
713047,1
896499,1
19234,2
576063,2
865976,0
865858,2
214133,1
7500,0
461792,-1
909060,1
896636,0
923236,0
363209,1
943350,2
23718,0
732753,1
436406,1
226552,2
995707,1
860633,2
283389,0
828750,2
750985,-1
10691,2
968989,2
283169,0
479441,1
49000,-1
895112,1
89198,2
731498,1
873492,1
748686,2
493732,2
666504,0
291794,0
591070,1
399545,-1
898448,1
655033,0
653524,2
933765,2
98740,2
701254,1
460181,0
750030,-1
745890,1
633094,2
885609,1
642211,0
893929,1
233330,-1
187583,0
1778,0
468742,0
757706,1
197401,-1
145207,0
969010,0
93645,1
262801,1
874333,1
593952,2
874815,1
792528,0
96606,1
104081,-1
951844,-1
240191,1
741518,1
490704,-1
787476,2
356997,0
804006,0
873876,2
623346,1
987897,1
914419,2
412157,1
2028,0
605102,2
749238,2
307392,1
397422,2
338237,2
80541,-1
449512,0
294833,-1
413620,1
387693,1
450373,1
589886,1
516932,1
581483,2
346955,-1
734933,-1
288357,-1
303455,1
224575,1
576795,2
15284,1
573941,2
919384,1
719494,1
24551,1
183366,0
336178,-1
634250,1
609196,0
974078,2
839965,-1
232062,-1
924312,1
575336,1
124851,0
806164,1
732761,1
500599,1
412117,2
906349,0
913803,-1
393406,-1
189856,1
310554,1
919892,2
569801,2
817363,2
440342,1
720834,1
406014,-1
142478,2
759688,2
371839,0
628608,1
488708,1
498562,2
43007,-1
466461,2
103442,1
685532,-1
488405,1
681057,2
353092,0
284569,1
395034,2
366099,2
577799,1
854121,-1
264258,1
349261,0
122095,2
910800,-1
638147,2
101951,2
309070,0
570235,2
59157,0
669686,-1
558941,1
51268,2
991319,1
514870,0
52275,0
44216,1
326352,2
930456,1
837886,-1
425286,0
354627,-1
590555,2
540462,-1
981998,2
135020,-1
981661,2
805343,1
776590,1
700547,0
575771,2
810435,1
107181,2
122281,-1
556956,2
77126,2
290670,0
517369,2
808687,0
114203,2
15842,1
102935,1
23002,0
404865,2
567081,1
211891,0
619002,0
684757,1
179146,-1
935520,-1
824330,-1
150637,0
119377,2
768227,2
149919,-1
669199,1
185722,2
336736,2
544432,2
461608,2
543004,2
34682,0
92880,0
215890,2
888835,2
181401,0
189154,2
872090,1
845259,-1
218304,-1
567409,2
399514,1
672209,0
4403,1
445740,0
464276,-1
886163,1
187666,2
160670,-1
285723,0
272753,0
170877,1
698764,1
132467,1
39110,2
606934,-1
17095,2
13523,1
462723,1
389239,0
587505,2
690523,1
253146,2
167461,1
716193,1
754194,1
937593,2
795201,0
941129,0
951756,0
541050,-1
676119,-1
383346,2
318732,1
177261,0
374551,2
335242,0
669156,-1
147257,1
631258,2
577768,0
556221,1
172964,2
767518,2
905221,2
937706,0
676551,0
411028,1
968883,0
65085,1
974176,2
281304,2
860156,-1
885791,2
174569,1
674895,2
70824,2
604290,-1
927676,-1
731245,1
143452,1
342692,2
871087,1
761613,1
798311,0
635795,-1
700014,0
791049,1
279700,1
507646,1
444407,2
465916,1
134834,0
852541,1
962364,2
176463,0
992510,2
975849,0
420299,0
704863,1
421447,-1
935240,2
461836,1
819440,2
419330,1
535890,2
841407,1
826224,1
546860,1
624360,2
587419,-1
389504,1
860824,2
793887,2
945522,0
436399,1
797196,1
642292,-1
258901,2
233757,2
875599,2
860413,2
922066,1
719718,0
667210,1
954662,2
593300,0
491493,1
943128,2
670317,-1
550089,2
152533,0
725903,-1
685530,2
679978,0
247717,-1
803475,2
776944,2
232693,2
752730,2
526205,1
831699,1
739965,1
251342,1
718512,1
816966,1
903146,1
891315,1
787078,-1
21589,-1
322283,0
867456,0
22847,1
520018,2
767439,0
808874,2
257679,2
635476,-1
336477,2
398328,-1
386898,2
559407,2
658452,2
64700,-1
636423,0
906223,0
773709,2
441850,0
133043,2
553119,-1
632138,0
320905,1
975115,-1
38430,1
733245,2
384813,-1
464528,2
786000,1
684182,-1
221073,-1
965970,-1
691400,-1
691422,0
63149,-1
94816,0
613499,2
910979,-1
50617,0
529874,-1
144763,-1
477049,0
718864,0
799336,2
429124,-1
16399,1
389891,2
803662,1
45923,-1
260020,-1
780749,-1
618441,0
139969,-1
723808,1
188951,0
609927,-1
98321,0
513818,2
943916,0
847508,1
425538,2
231808,0
618984,0
810170,0
952783,2
310439,-1
955627,1
201714,2
253507,-1
336728,-1
739980,2
652034,-1
786046,-1
338331,2
978337,2
559940,-1
930566,-1
619635,1
44405,1
436944,0
609023,1
888451,1
565182,1
230971,-1
966471,1
633801,0
596337,1
434014,-1
876617,2
60545,-1
971322,2
634921,0
851954,1
717758,1
421679,2
890281,1
665551,-1
356135,2
963332,0
574829,1
81371,2
603906,-1
468076,1
659606,2
97195,1
493580,2
880721,2
96026,-1
252046,1
856130,1
472832,-1
209090,2
609183,2
514259,0
681249,2
25872,2
408169,2
905925,1
459544,0
913419,2
71764,1
92104,-1
74545,1
870533,-1
393229,2
686549,1
299868,2
725140,0
661441,-1
474203,2
242949,2
179621,2
537577,-1
847478,2
884263,0
793221,0
819944,0
490010,0
939135,2
323575,0
893288,0
116830,-1
362231,-1
471844,-1
176547,1
565202,1
329502,0
638907,2
614055,1
51534,-1
945333,-1
122940,0
469138,1
880749,2
778694,-1
104364,-1
368719,2
193727,1
665192,1
565739,1
343223,1
279885,0
892105,1
140680,1
790521,1
412336,2
445997,2
779795,0
681616,2
367686,-1
506370,2
132168,2
759108,1
607329,0
833214,2
989639,0
381419,0
152267,1
84283,-1
983881,1
657049,2
460356,0
700177,1
724623,1
269340,1
535460,0
552058,0
163554,2
243130,1
943320,1
931056,2
574005,2
321998,1
313038,2
651974,2
744160,0
911544,-1
28314,1
420118,2
865942,1
782992,2
175154,1
65902,1
787883,2
791692,1
207757,2
976442,1
758755,0
867625,1
607007,0
938596,2
994970,1
528695,-1
534510,1
661942,1
715352,2
786120,2
840591,-1
649191,1
229841,1
783682,1
218198,1
446581,0
936827,2
152582,1
728227,2
11920,2
622280,0
735540,-1
9279,0
757282,0
904522,-1
347211,-1
820479,2
756206,1
678920,1
440259,2
559157,2
406889,2
388681,1
88041,2
854980,-1
922520,-1
213898,1
145369,1
860687,-1
680519,2
321220,0
882331,-1
907463,1
335976,0
622805,1
349122,0
324368,0
581146,1
455964,2
160166,2
580239,2
18671,0
716376,2
979435,0
252476,-1
838635,2
846835,1
981163,2
236535,1
927987,-1
710593,1
610576,1
758414,1
18822,1
424206,-1
154236,0
729958,1
407521,1
824810,2
554576,2
996125,0
508149,1
280895,1
110710,-1
583480,-1
667841,0
949978,-1
396471,-1
837179,-1
737124,1
294524,2
641827,2
416947,-1
515505,0
588319,2
604614,-1
446458,1
37360,2
704078,-1
544705,0
63842,0
901931,1
269577,2
138417,0
426497,2
674947,1
247478,0
209270,1
992108,2
255923,-1
972520,1
942975,2
664932,0
799405,-1
937887,0
173729,-1
485359,-1
134379,1
760079,2
398627,1
32929,0
299783,2
44735,0
728497,-1
183312,2
94753,0
14623,2
353731,1
297818,0
713609,0
362414,1
34025,0
704233,1
579173,2
591696,2
315835,2
270023,1
926733,0
30642,1
665957,2
28337,1
417278,0
50742,1
358351,1
200711,0
389793,1
454424,1
717217,2
294907,-1
198716,2
606121,2
970000,2
398295,1
849951,2
971806,1
500923,2
307702,2
960324,0
645317,-1
29213,2
477346,2
299162,0
544515,0
880298,-1
612332,-1
766985,1
361680,0
302664,2
200394,1
447949,2
99648,2
928859,2
83796,-1
925802,2
294633,2
303648,2
314580,2
572088,1
200392,2
641822,2
385091,0
556789,-1
203724,-1
296730,1
916865,1
435206,2
797442,0
586862,1
544527,1
342507,-1
159414,-1
873750,1
240786,1
912315,1
430947,-1
502009,2
406685,1
783825,2
994307,1
826534,2
958248,2
965880,0
641657,0
250465,1
447013,2
855359,1
807064,2
986805,-1
461201,2
488707,2
895905,1
801388,2
34910,1
242159,0
45534,1
976055,0
937872,1
838818,2
590122,-1
21289,2
762446,1
164145,2
397452,2
95291,0
870694,1
419126,0
314286,-1
951661,2
187089,0
375759,-1
679611,-1
422353,0
886918,2
678095,-1
839278,0
379592,0
738080,2
336714,2
1816,2
657388,-1
683321,-1
477660,2
223453,1
421643,1
43719,1
381965,1
294032,1
109220,1
874526,2
440019,-1
927947,-1
574554,1
128567,2
378707,2
592854,2
456458,0
962041,1
750953,1
52542,0
122796,1
187289,0
265431,0
828671,2
244357,1
753421,2
204521,-1
14384,2
938581,2
739493,0
272480,1
293270,0
407620,2
221779,1
700583,2
491385,-1
648006,2
271260,-1
68436,0
7675,2
820467,2
957518,2
192926,-1
970423,2
960163,-1
458966,-1
644790,2
85869,1
775140,2
802518,0
110473,1
640417,1
280223,-1
494357,-1
174044,2
731471,1
3723,0
3202,1
549109,0
873234,-1
580874,2
56879,1
608787,0
151713,2
457952,0
155514,0
572568,1
471996,-1
749681,2
85658,1
509974,0
45633,2
163316,1
168820,1
540509,0
203774,2
589068,1
930997,0
327726,2
673125,2
470462,2
275391,1
723919,2
446680,2
141194,-1
583867,1
302930,2
757862,1
649240,0
551327,0
162535,-1
715022,0
356711,1
279120,-1
564,0
121545,2
242286,1
625921,1
216342,1
534568,1
173469,2
451677,0
565007,1
858239,1
707167,1
581249,1
833702,-1
14926,2
448775,1
864201,2
15881,2
57888,0
525539,1
672859,0
297051,2
413953,1
20613,-1
783978,-1
44946,2
739146,-1
242763,0
427532,2
482620,0
338775,2
963222,-1
853096,0
178136,2
507896,2
872710,0
756649,1
427921,1
236300,0
472843,2
585050,1
722000,-1
652221,1
157054,1
758676,2
842465,2
212791,1
695776,-1
699957,2
232164,1
517116,2
930064,0
576283,-1
265567,2
17842,2
798939,1
168339,-1
106814,2
825225,2
360538,0
612554,1
853657,-1
98480,-1
177484,1
777232,1
768047,2
881405,1
671404,1
329427,1
184153,1
859092,0
456205,2
280330,2
203075,1
272683,1
102279,0
251364,0
691018,1
171437,0
584523,0
352915,1
938918,-1
118705,2
362862,0
162835,2
684924,2
192051,2
302733,0
338757,1
964326,1
84507,-1
785363,2
504198,0
232387,1
169990,1
191543,2
746266,1
389694,0
202010,2
693828,2
234488,2
933815,2
536804,1
568070,1
757915,2
214113,0
430081,1
219191,0
154202,0
265504,0
192317,2
231203,1
921692,0
582394,0
103419,1
469177,0
67327,1
409807,1
576187,2
550239,1
648313,1
375610,1
288718,0
661607,2
440008,1
937627,1
721289,1
287145,2
281673,2
886513,0
407091,1
42518,2
742525,1
118175,-1
339939,2
746758,0
47529,0
750212,2
162028,0
937194,0
491132,2
474018,-1
361042,-1
799826,-1
513377,0
329632,2
994041,0
721268,-1
93850,1
610899,2
418447,2
502706,1
910420,2
103571,2
338728,2
143979,1
908115,1
224771,-1
203179,0
784900,0
795672,2
197824,0
158701,-1
863844,1
678273,-1
291587,-1
380473,1
144028,2
296369,1
100221,1
353354,2
74660,2
359734,2
593537,0
461573,-1
787803,1
498737,-1
700957,2
504538,2
736901,-1
651995,1
853083,1
582931,0
356177,0
140282,1
615437,-1
59916,-1
358757,1
144672,-1
239716,1
661831,1
795858,1
124164,2
129832,-1
112460,1
242681,-1
160144,2
422103,-1
546746,-1
219843,0
151006,-1
190868,2
994821,-1
531825,0
35242,-1
858151,-1
432143,2
12320,1
831941,-1
584499,0
524383,0
795138,1
152972,1
703808,0
620420,2
465164,2
384067,1
231989,1
946557,2
154720,0
948569,-1
435694,1
300631,2
702259,1
881456,2
870399,2
997972,1
662440,2
733984,1
578706,1
232381,1
20967,-1
277542,-1
191551,1
11712,1
729970,2
937412,-1
515785,0
27412,0
626724,-1
718433,0
467242,0
127677,1
515849,0
962814,-1
73851,1
448294,2
388958,0
88600,0
815016,1
342255,1
315500,1
397781,1
497256,2
900685,-1
895026,1
837882,-1
857718,2
645914,0
429221,2
733705,0
644143,2
168585,0
823781,2
732801,0
484639,2
144983,1
558804,0
78602,-1
509354,2
59464,2
702425,2
194139,1
354470,2
697242,2
959223,-1
925997,-1
964409,1
552441,-1
704720,2
637471,0
392090,2
429352,1
418244,1
212699,1
433115,-1
596894,2
744616,0
700389,-1
499577,-1
939324,2
444327,1
899081,1
562893,2
430444,2
590926,2
301275,-1
341119,1
629890,-1
292105,0
598093,2
578681,0
450187,0
806371,2
377791,-1
552683,0
310662,1
493968,2
213428,-1
323918,2
659778,0
931821,1
466144,1
485827,0
576534,1
880020,-1
983767,2
307996,1
901703,2
787373,0
488684,1
138535,2
116502,0
418892,1
695046,1
601032,1
260117,1
84408,2
438427,2
260358,0
564732,1
727187,0
126996,1
166715,0
941101,2
963211,-1
206732,2
754664,2
991119,0
573773,-1
733913,0
324298,-1
286589,2
452072,1
574560,2
582553,0
387930,-1
106633,1
209318,-1
247440,0
645123,0
632243,0
41005,1
510964,1
126015,2
925313,-1
946901,-1
645629,-1
568781,1
966168,1
164600,2
76245,1
54719,1
7509,1
434728,2
68985,2
889229,-1
617853,1
230037,0
598028,2
934017,2
204685,2
275992,2
365621,-1
71091,0
972408,2
109470,2
79549,1
362284,-1
87027,0
7240,1
703452,0
145197,0
1945,-1
712767,2
511943,1
228503,2
675038,0
850882,0
157092,2
993050,0
190667,1
56081,-1
320095,1
124432,1
929212,0
770494,0
759292,0
726964,0
355876,2
932500,2
251875,-1
147687,2
124352,0
567215,0
47328,0
384546,1
714132,1
744069,1
904328,1
174271,2
946120,0
340483,1
280836,-1
44911,2
438926,1
502640,0
613771,1
295236,1
651182,-1
113815,2
70411,-1
770580,1
425733,2
952906,-1
859485,1
567060,0
533881,-1
470525,2
848469,1
568784,2
877185,2
168726,0
587093,2
987387,2
342669,2
725378,1
487075,2
344476,2
332836,0
767844,2
262960,0
71648,2
529828,0
980495,0
389168,1
981338,1
795799,0
976940,2
96321,-1
41753,-1
194110,0
504128,0
780124,1
356023,-1
398872,-1
345019,2
776169,0
359849,1
311294,-1
618627,0
155605,-1
397357,1
880594,-1
282389,-1
8701,1
646950,2
701935,1
867236,2
169205,2
677356,-1
551956,2
239983,-1
829555,2
90918,-1
604275,0
172579,-1
9475,1
924591,2
676803,1
715117,-1
795553,0
672587,0
273880,0
29004,0
596291,2
594134,2
684013,-1
262766,1
332492,1
33218,1
511329,-1
626443,1
76165,1
210055,0
145456,0
131138,0
864046,0
226831,2
641620,0
121792,0
593310,2
998283,1
366049,2
790955,2
484959,2
518884,1
444593,1
285948,1
262411,1
544648,1
181962,1
29667,-1
101815,-1
484679,2
165310,2
991755,-1
753084,1
645827,0
797101,1
652094,0
415350,1
988696,1
254341,0
619928,-1
733556,1
874389,-1
889535,1
18492,1
212156,1
446936,2
99337,-1
366122,2
857685,-1
752290,-1
784519,2
841029,-1
818114,0
391759,-1
218217,2
514458,2
725621,2
277280,0
960351,-1
497022,2
673763,2
576817,1
113307,2
623916,0
650738,-1
647394,-1
764007,0
732898,0
391659,1
175838,1
467890,0
648786,-1
192616,-1
280107,0
231690,2
760479,-1
220087,-1
27968,2
435534,1
906542,0
682632,2
807456,1
985511,0
531101,2
405436,-1
477213,1
440967,2
334834,-1
906815,0
478680,-1
184856,1
527493,-1
562159,2
244745,0
642003,2
357986,2
46480,-1
49925,0
979680,2
662792,2
75837,1
943024,0
576033,0
345642,2
634597,1
743366,2
573632,2
292228,-1
843750,0
510205,2
709542,-1
228488,1
922831,1
579403,0
395851,-1
440675,0
714011,0
679588,0
154261,2
701991,0
78214,1
807282,2
668050,2
734739,-1
385189,0
413920,-1
651019,-1
255286,-1
258396,0
931784,2
79989,0
628610,2
439993,-1
898414,-1
681341,2
150769,2
710936,-1
616628,0
811994,-1
556747,2
843257,1
99188,0
427006,-1
97899,0
706552,2
717134,1
920814,2
583327,1
738594,1
506262,2
63123,1
929360,0
741854,2
305707,0
837793,-1
742000,2
918334,1
956244,1
493656,-1
155104,2
598173,0
693350,2
858955,-1
648396,1
381704,1
761694,-1
880806,1
227080,1
623268,-1
983828,-1
802279,2
987980,2
211241,2
265042,2
174321,0
461455,2
399200,2
52238,1
619713,-1
219773,2
276473,1
868018,0
758458,2
929280,-1
589155,1
266361,1
914494,0
560119,1
486451,1
881623,1
219667,0
380317,0
221371,1
37074,1
713540,1
548241,1
611865,-1
987116,0
322192,2
216069,1
629946,1
13575,1
811195,-1
265187,1
664758,2
682704,1
403445,2
254631,1
616375,0
772787,2
964612,0
126727,1
804398,-1
904502,2
771068,-1
996118,-1
48173,-1
210227,-1
236789,1
70995,2
706649,2
785152,2
905971,0
895249,2
637993,1
626143,0
181536,0
462251,0
146057,0
186483,-1
955391,1
627421,1
677657,2
109807,1
2354,-1
596661,0
697797,2
449687,2
89035,1
934819,1
474445,1
499061,1
222175,0
816137,-1
958446,2
451394,-1
988130,2
39619,2
531092,1
970953,2
6685,2
57260,2
339478,0
854673,2
391664,1
105187,0
489312,2
605384,0
345792,0
498080,0
442883,1
366507,1
268424,1
548053,1
816356,1
319790,2
406053,2
749147,1
860970,-1
848457,-1
163149,1
133966,2
800062,0
702964,0
44870,0
370116,1
264,0
691694,2
386234,-1
622990,1
761421,1
550240,0
18557,2
880977,1
900311,-1
290640,1
834981,-1
805937,0
5660,1
937229,2
602273,-1
756623,2
314251,0
859126,1
625840,-1
628722,2
31683,-1
637301,0
861106,2
962504,0
413768,0
509887,2
252731,2
795288,-1
710479,1
174945,2
579830,2
229717,-1
144271,2
379189,0
290199,-1
200446,-1
128390,0
699939,2
108841,1
312441,2
864148,2
950584,2
961196,0
685323,1
805401,2
698939,1
814000,0
58299,2
23273,1
995061,-1
676193,0
546056,2
655182,0
69773,2
587608,2
17138,-1
280642,1
371093,1
779346,-1
818106,0
318382,1
767509,1
777623,1
107387,2
130632,1
187272,1
566063,1
286832,-1
63870,2
128230,1
197323,1
716749,0
957299,-1
274019,-1
203658,-1
191203,1
267003,2
716822,1
375666,1
823132,1
377725,1
18572,1
356855,2
105902,2
827866,2
478653,1
349139,2
68048,2
635269,0
363713,0
87799,0
915713,0
609213,0
1868,2
777800,1
574642,0
858064,1
638221,-1
480115,1
596549,2
573227,0
667910,2
269505,-1
681429,-1
980390,2
904230,1
261374,1
889016,-1
1873,-1
427871,1
574530,-1
602979,1
347948,2
282595,-1
412481,1
380725,1
63535,1
734774,1
179529,1
633917,1
894682,2
158195,2
763806,2
848639,-1
194609,2
865198,-1
565875,1
496725,1
953477,1
630968,1
737186,2
526033,1
404501,0
558384,-1
904548,1
328893,-1
455263,2
411075,0
370060,0
116665,0
432933,1
608567,1
908282,0
66979,1
599838,0
543212,2
885689,1
443882,-1
876929,1
887643,2
624540,2
34911,-1
580022,2
198211,0
630440,2
542738,-1
871903,0
716228,2
406230,0
668064,2
314274,1
257686,2
101227,0
25290,2
375891,-1
34010,2
40365,0
853758,1
788125,2
213338,0
180139,1
55654,0
834951,1
627875,2
251339,2
440126,1
272326,2
644600,1
398471,-1
802594,2
573749,-1
52505,2
434584,2
438631,1
427939,2
915148,2
860272,1
368060,2
774835,2
354242,2
570617,1
70495,-1
135174,1
682907,0
372076,2
367591,1
815570,2
629181,0
829720,-1
221249,0
819991,1
237193,1
541924,1
27354,1
91111,-1
182572,0
84978,2
353319,2
760882,1
166329,2
640783,-1
328610,1
7783,0
610090,0
880345,-1
259391,1
254046,-1
483168,2
634613,2
794011,-1
864337,1
804186,2
188819,1
133114,0
302105,2
879752,1
536387,2
193423,1
657857,1
380045,1
594314,1
570237,1
670097,1
918209,1
837336,2
74832,1
599202,2
345439,2
597691,-1
623359,2
154926,-1
543345,-1
47506,0
968726,2
417810,-1
143490,0
378655,2
946596,1
35342,2
622888,-1
832165,1
192832,1
97549,1
495487,1
766048,2
939033,0
138800,1
228761,-1
574754,1
626985,2
433348,1
192355,1
963107,-1
999981,-1
617958,0
952959,1
959362,1
192609,0
66246,-1
358555,0
813493,0
382756,1
199914,2
266290,-1
553116,-1
993994,1
660130,2
589516,1
46337,1
514759,-1
162622,0
644185,0
739106,-1
971561,0
659698,1
151215,1
416432,2
769917,-1
788844,1
492700,1
425952,1
235477,2
527302,1
958454,1
602185,2
532355,2
421607,-1
479614,2
438859,1
543088,1
462257,2
590371,-1
10969,0
589424,-1
464478,1
429596,0
798448,0
23909,1
376272,2
923193,0
823747,1
457355,1
347052,-1
66502,0
299715,1
312547,1
826591,0
230066,0
907342,2
185909,2
964603,2
652858,1
673484,0
659850,1
325061,0
91808,1
123801,2
513943,1
860175,0
815056,2
486326,2
855450,-1
240653,2
757775,2
650557,2
610842,1
399725,2
348551,2
83045,2
70637,2
237678,1
222133,1
865701,1
68152,-1
767679,0
389088,0
575093,2
755276,-1
125235,1
117833,-1
850199,1
665252,1
354103,2
85482,0
96215,2
420392,2
836749,1
96112,-1
442655,0
493632,2
250104,2
431638,2
260943,-1
28195,0
228403,1
434759,1
609858,0
726626,1
836744,0
387382,0
566453,2
43761,0
815572,1
127076,1
350807,0
37942,2
367769,1
374290,2
181464,2
806379,-1
61948,1
531906,1
658791,0
322278,1
901920,0
963328,1
405596,1
11922,2
74085,0
616402,2
280716,2
798339,1
133412,2
739578,0
480835,0
529150,2
174969,2
278166,0
773548,1
737855,1
410542,2
211669,2
423622,2
708256,0
448983,-1
186031,1
169019,-1
101779,2
650180,1
926550,-1
138491,2
391450,2
934166,0
697839,1
720023,2
971780,0
748213,2
926054,2
308665,-1
210959,-1
757381,1
519967,2
517695,1
828619,2
786684,-1
654141,2
26799,2
291929,-1
482170,-1
853745,2
300939,2
510814,2
167713,1
265139,2
155267,1
228872,0
384335,2
813193,0
38282,2
183876,1
720812,1
109534,0
259492,1
246290,-1
763749,1
642286,-1
867952,2
8216,2
320110,1
21464,-1
310567,-1
615005,0
53859,-1
297063,2
264190,2
443998,0
757742,1
754862,2
725854,2
890956,-1
321055,0
634254,1
235754,2
558955,1
65287,-1
484377,0
10455,0
286352,2
113454,1
461270,2
488570,1
887186,2
758368,0
814188,1
8804,2
919559,-1
902551,2
836655,1
259266,1
843290,1
89878,1
177737,0
709915,2
538854,0
916160,0
226541,2
138347,1
189907,-1
835957,1
2453,0
288234,2
892628,2
347594,2
235588,1
468709,-1
475853,-1
508767,2
141974,1
505807,2
966179,-1
800564,-1
897987,0
566665,2
31082,0
893407,0
497793,2
271869,0
952902,2
249204,0
425573,2
857643,-1
970991,0
820814,0
771165,0
522475,0
134378,1
208843,2
781292,2
488788,1
56755,1
677231,2
430403,1
492666,1
690704,0
86820,2
729700,0
910595,-1
627411,2
544675,2
236936,2
707145,-1
723320,2
534852,-1
585851,1
789872,1
489844,2
626956,2
520654,1
466279,-1
615839,2
340614,1
578623,2
986836,1
699946,0
491981,2
302985,-1
821321,2
872096,0
83112,-1
916902,1
74318,2
41781,0
108426,2
540514,2
350015,-1
504130,0
569630,2
48076,1
582428,0
678581,2
933542,2
204455,0
483251,2
101551,-1
596456,0
98551,-1
136985,0
378502,2
661017,2
631081,1
397495,2
429301,2
653053,1
873776,1
85162,0
721865,2
142098,2
957871,0
885270,2
63750,1
258944,2
86728,2
70534,1
790364,1
643306,0
298528,-1
240070,1
445578,0
678471,1
112618,2
838761,-1
604353,-1
355764,2
829347,0
157025,0
528161,1
439782,1
412030,0
764877,1
53914,1
197159,1
87861,0
626983,2
852887,1
130659,1
532269,2
721124,1
207930,2
555759,2
971279,1
303159,-1
507693,2
465871,2
934290,2
182683,-1
825197,1
436717,0
866022,1
113016,0
244750,0
502527,1
162559,0
463464,2
763405,0
18702,1
238567,2
704788,-1
651389,0
744950,2
129143,2
384556,1
76106,1
256890,2
520293,0
889555,2
746129,0
427951,2
731007,-1
429288,1
20860,-1
993045,2
176478,-1
895762,2
569333,2
212305,0
725658,1
728982,2
933352,1
484356,1
255786,-1
829635,-1
334593,2
188684,1
815072,1
442122,1
36020,-1
421230,1
627623,2
980821,-1
781008,-1
645631,1
163845,-1
949415,2
284280,2
961923,1
138561,0
935550,-1
832262,0
712116,2
713337,2
784039,2
702165,2
738465,0
132050,1
499967,1
367567,2
623626,2
825528,2
375901,0
810713,0
712277,1
102007,0
187527,1
378155,1
634492,1
675346,2
901159,-1
466180,1
915897,1
804521,2
145454,-1
178673,2
617471,2
875322,1
129150,-1
622678,-1
21744,1
704991,1
519115,2
380592,2
268542,0
291316,2
338268,0
239293,2
531330,2
300066,1
50540,2
113908,0
585990,2
752092,-1
79291,1
347916,-1
864940,0
7787,1
629207,2
575917,0
432436,1
597885,0
173756,1
867822,-1
278415,-1
528119,2
118755,-1
356576,1
748080,1
51429,2
698409,1
388085,1
307283,1
704405,1
812733,0
717339,2
293579,-1
406738,0
228132,0
286368,0
577734,1
135143,1
620854,-1
369683,-1
323400,1
417301,1
436059,1
721249,1
773767,2
333656,1
568768,2
43272,2
938568,2
172948,1
983276,2
803312,-1
76720,1
511620,0
512613,2
984860,2
95573,1
850914,-1
482213,2
269621,-1
193531,2
595368,2
107866,-1
469303,0
818727,2
635858,2
965686,1
299643,0
624867,-1
304109,1
88015,2
26930,-1
764165,0
830407,2
533945,2
832256,1
730474,2
142120,0
52465,1
970804,-1
415836,2
605423,0
472333,-1
248830,-1
47690,-1
816723,1
278217,-1
204745,1
100347,0
17989,2
385330,1
659215,2
575962,2
41877,-1
147107,0
12509,0
873931,2
961460,2
991948,-1
882799,2
597075,2
397560,2
922131,2
516390,0
36679,2
355749,0
111961,0
333377,2
519677,1
292196,-1
200571,0
532693,0
696374,-1
36398,1
963871,2
760952,0
507103,1
243383,0
51662,2
788143,2
193781,0
102407,-1
76051,2
41988,2
29210,0
733080,-1
985373,-1
872691,0
49560,1
198799,1
601351,1
767895,0
88166,0
272120,2
761653,1
439734,0
225986,-1
271947,-1
20794,1
172350,2
93349,0
207577,0
193393,-1
919838,1
303267,1
215238,0
753001,2
860932,1
731781,0
772579,-1
945782,0
565594,2
668399,1
187894,2
24733,1
127237,0
57546,1
813037,0
365946,2
486202,-1
226177,-1
83339,2
475772,2
733562,1
672377,2
325473,-1
960228,2
338453,0
303865,1
984308,1
176390,-1
110266,-1
723823,1
713426,0
65837,-1
959568,2
259915,2
414319,2
734239,2
951585,1
991551,0
538053,2
159032,0
760242,0
511303,2
205139,1
713411,-1
404299,1
520934,2
962258,1
589683,0
879487,-1
595853,-1
893537,2
510701,2
506168,2
935401,-1
172217,1
107737,2
843898,1
75963,2
792583,2
788850,1
171453,2
721682,2
504393,1
457122,2
967876,1
778564,2
384288,-1
918649,-1
932202,2
596826,2
533476,2
510491,1
542316,1
994967,2
19929,1
600094,2
415619,2
954438,1
68040,1
621500,0
219085,2
511936,1
24310,0
92102,1
606534,-1
71316,2
680063,0
322709,1
489062,1
508651,0
727703,0
4932,2
962717,1
261801,-1
235490,2
526141,1
464597,1
402932,2
874966,1
38647,1
874952,0
45839,0
11704,-1
415601,1
62116,1
857982,2
270552,0
916824,1
195763,1
580302,1
746004,2
21524,2
756045,0
291523,1
168193,-1
951740,0
719914,1
221414,2
46653,-1
682720,2
358950,-1
287098,-1
98062,2
129794,1
881908,0
346851,2
420600,-1
496637,1
184565,0
806189,-1
309088,1
377531,2
767728,0
366827,-1
268773,2
434121,0
416182,1
768348,2
451039,-1
141243,0
400389,1
984894,1
844684,-1
413599,-1
366303,0
934357,0
710000,2
76567,1
273418,1
169343,0
158615,1
568416,2
529243,-1
951670,1
163851,2
111020,0
222806,1
504194,2
403341,2
409964,1
164886,-1
575926,0
50353,0
511508,-1
824922,-1
306457,2
791734,0
320087,2
389556,0
7867,2
266834,1
297246,2
972720,2
832558,-1
973815,1
121239,2
173190,1
347349,2
801067,2
554970,0
942489,1
318547,1
433231,2
214255,0
964352,2
296345,0
369301,2
786938,0
248151,-1
706539,-1
243277,0
1848,-1
988928,2
829412,2
876162,-1
983975,1
920807,1
857409,1
642964,1
740115,2
287561,-1
65414,1
115578,-1
996029,-1
530221,-1
390917,0
879745,1
664859,2
29179,1
329827,-1
76057,0
815249,1
516224,1
879490,1
870513,1
447999,0
282117,1
551584,0
896735,1
378299,2
362462,1
817340,-1
339234,0
384300,-1
372535,1
481501,0
22762,0
485119,2
960924,1
1286,1
484608,2
96406,-1
119877,1
704187,0
639303,2
226794,2
466728,2
267290,1
197811,2
192879,2
541183,1
268167,-1
222652,2
389701,2
778178,2
899742,2
611148,1
412287,0
154379,1
337433,2
4992,1
952134,2
614950,1
433589,2
431329,2
973104,2
345041,1
9154,2
159443,2
328167,0
410690,2
560172,0
475421,1
693871,1
765176,1
473084,-1
948517,1
614570,-1
240361,2
179722,-1
221023,2
147626,1
82010,1
660216,2
954078,2
201149,1
362596,0
306287,0
480623,-1
83287,2
860488,-1
659668,0
443467,0
401669,0
605414,-1
411340,1
6215,2
34173,-1
927611,2
417370,0
829063,2
955137,0
974180,2
513478,1
63637,2
3608,-1
143481,2
279637,2
12633,0
91354,2
456539,1
103459,2
724466,0
917465,-1
677645,1
625671,0
368134,-1
418287,1
830297,1
850990,0
99241,-1
713539,-1
776332,2
611692,-1
378145,2
692646,1
551222,1
41841,-1
676647,2
964118,2
829668,2
416481,0
585188,1
119077,1
122135,1
541838,2
176060,0
864487,-1
751214,1
219125,-1
660479,2
490868,-1
826967,2
129768,0
750892,1
720402,0
453224,-1
704902,1
796499,1
533138,1
751954,-1
654466,-1
379806,1
584321,1
21580,1
628187,0
604103,1
324896,2
403714,1
679294,2
288757,0
885811,1
87060,2
226855,-1
208873,1
385795,2
36354,2
231516,2
898881,-1
439774,-1
41702,-1
697039,0
118268,1
230412,2
401943,1
317235,2
190442,0
324957,2
211902,-1
719624,1
422031,0
941377,-1
125441,0
242012,0
242306,0
342079,-1
656786,2
665159,2
449945,1
879883,2
749307,0
66606,1
635824,2
810058,2
281353,0
708472,2
819973,-1
867318,2
608853,1
972226,-1
800498,1
793922,1
198481,1
252111,1
325911,1
485103,1
672238,1
18275,2
144361,0
995474,2
392717,-1
308265,1
39492,0
69444,1
12457,1
212664,1
816340,1
606236,2
194914,2
216293,1
303599,1
343159,0
206331,2
524269,0
434114,1
86292,2
987282,1
562537,-1
404732,0
764897,1
816811,2
377492,1
46126,2
637184,2
432808,1
314173,1
515732,0
838114,0
66701,-1
621746,2
266646,2
560557,-1
793372,2
913750,2
139199,1
420137,0
292903,2
651987,2
157858,2
270569,2
362026,2
443999,0
588978,2
211628,1
609004,0
482845,1
598339,1
943724,0
794232,1
272594,2
899087,0
429784,2
760840,2
28149,0
808742,1
150908,-1
768682,1
820329,1
173226,1
259838,0
368871,1
855825,0
786513,-1
156853,1
789157,2
5991,2
734105,0
30992,0
467775,0
111368,-1
973179,2
861404,0
95859,1
640918,2
222268,-1
715936,-1
615609,-1
964807,2
950784,-1
754178,-1
897363,0
389753,-1
968374,2
610718,2
821120,2
792286,-1
306378,1
944027,-1
672988,2
926873,-1
576218,2
614007,0
548378,-1
768017,0
654397,2
235861,-1
391370,0
186071,2
824006,1
663965,2
823710,1
378005,2
730502,-1
314573,1
385871,-1
434233,0
802739,1
521973,2
875614,0
307688,1
331041,0
901681,-1
465021,0
247820,0
203128,-1
229310,1
227668,1
970187,-1
948579,1
240077,0
792835,1
541891,-1
376905,1
420718,0
462840,2
88860,1
83832,-1
739920,0
787253,-1
105649,0
4602,1
765248,1
112884,-1
732506,2
666883,2
539233,0
715698,-1
694079,1
6025,-1
422546,2
926173,0
303801,2
179173,-1
339152,1
225522,-1
277373,1
413184,0
607498,2
811297,0
72944,-1
868808,1
668850,-1
394292,2
222476,2
571858,2
676920,0
171213,0
231952,1
644763,-1
711281,1
329512,1
351285,2
780051,2
494771,2
276685,2
458846,2
5049,2
966777,0
610678,-1
821446,2
987377,1
766106,-1
169484,2
260149,1
593061,-1
734995,-1
209613,0
626252,2
667510,1
743735,1
805447,1
323315,2
568282,-1
637648,0
84755,1
755282,2
704830,2
396421,1
479893,2
959482,-1
970686,2
221268,1
144987,-1
937007,1
325308,0
550486,2
583351,0
737106,2
6394,1
867691,1
786510,2
157931,1
532896,0
826598,0
799476,1
776730,1
880076,-1
278774,1
144722,2
821217,2
457259,1
39408,-1
464147,-1
693720,1
401381,1
382649,2
327761,0
999519,1
109855,2
139161,2
573474,0
276329,0
191012,1
338409,2
598434,1
318459,-1
285434,1
296356,0
162435,-1
476311,1
603693,2
909464,1
183481,1
749966,-1
642063,-1
191936,1
516300,-1
201656,0
689131,-1
210664,0
715905,0
546018,2
316131,1
780104,-1
941293,1
966698,-1
331959,1
675148,1
495010,0
785573,1
992003,1
292482,0
316399,-1
207963,2
915900,1
656892,0
295105,-1
36492,2
597849,2
473441,2
576935,2
840716,2
777967,1
974517,0
832211,0
423131,-1
836914,2
82167,2
969815,-1
804703,2
457817,1
685085,1
646257,-1
624130,-1
582559,-1
423169,-1
657337,0
88960,0
269970,1
105374,0
482268,1
782859,0
592629,2
336497,0
57312,0
402798,-1
324231,0
58998,2
922240,-1
724277,1
122922,0
592514,2
77165,0
468630,2
621373,0
398635,1
559697,-1
214414,2
619976,2
455298,1
660578,0
643036,2
913457,0
287368,1
813930,1
307025,2
551415,0
689333,2
611269,1
935392,2
897868,1
236645,0
77481,2
618553,-1
633595,-1
655062,-1
699074,2
195308,-1
595210,2
945743,0
191854,0
987819,-1
397016,-1
308507,1
43551,1
240695,0
286168,-1
915509,2
869683,-1
295238,0
273952,1
584394,2
195900,1
715663,2
851063,1
393719,1
285491,2
474768,1
988237,1
422929,2
531642,2
245695,2
879694,1
420847,0
442565,1
232430,2
398214,2
394365,-1
426338,2
330020,-1
785007,2
972338,2
942593,0
961346,0
764846,1
669522,1
319959,2
181107,1
408404,2
523048,-1
101999,-1
172983,1
671524,2
849739,-1
346827,1
476615,-1
895125,1
92275,0
784034,1
463466,1
541545,2
229217,-1
486638,2
318073,1
238027,0
123946,1
926635,2
957341,2
331416,0
912415,-1
737710,-1
123939,0
197071,-1
355991,2
939791,1
35780,1
238540,0
578043,2
559830,1
663080,-1
637989,0
609853,1
688250,1
573526,-1
122197,2
698843,2
978695,-1
276003,0
180966,0
640355,0
528396,1
838575,1
224086,-1
25107,1
941017,2
83294,0
488157,1
280143,-1
234739,2
580721,2
907765,1
556068,1
212700,2
353721,2
675982,1
339284,1
191301,0
168885,-1
732303,0
793043,2
699639,-1
312517,0
352208,-1
266989,2
901063,0
675882,1
320560,2
245351,0
522325,1
703585,1
641049,0
45110,2
414797,2
269667,1
242813,1
367599,2
654104,1
894232,1
287449,-1
573969,2
573083,2
543358,2
672556,-1
761778,1
790474,2
576012,1
391509,2
766952,2
37858,0
703952,2
840146,-1
317102,2
663313,0
350256,2
302864,0
950748,2
559829,2
316929,0
885671,-1
926884,-1
151033,-1
956089,-1
578319,2
502372,0
55085,0
844569,1
657020,0
327419,2
774068,2
215327,2
53274,2
165384,-1
216655,1
895964,0
658815,2
392139,1
303725,0
95260,1
29266,2
941438,1
786762,1
687815,2
58178,1
892211,1
38872,1
6715,-1
115420,1
564035,1
655450,-1
536531,0
558684,0
521553,1
702061,0
270836,0
579324,0
186889,1
813889,2
864478,1
879657,2
748146,-1
273325,-1
52520,-1
620251,2
967986,2
255772,2
124459,1
778658,0
730026,-1
524315,1
808795,1
410560,-1
736913,1
585868,2
860621,1
911013,-1
350251,2
583294,0
237397,2
810871,2
302920,1
826197,-1
552138,-1
948170,2
734002,0
381149,1
87066,-1
393025,1
242100,0
73720,2
248576,0
757481,-1
949825,-1
122392,-1
454520,-1
246599,-1
587755,2
696011,1
702158,1
577157,0
779146,-1
361064,2
568478,2
293138,0
886852,1
641390,2
309204,2
861978,2
65678,-1
37161,1
44459,0
212306,1
15931,2
839468,2
206409,1
80465,1
902010,1
184219,1
45607,1
337771,1
89645,-1
414134,2
357355,2
783782,2
537334,2
818133,-1
314957,2
793240,2
903549,-1
505388,1
903516,-1
830608,1
708649,0
699265,-1
199279,2
423050,1
84479,2
692437,1
511157,0
134111,-1
457774,2
444789,2
28139,1
532892,1
896668,0
807831,2
566437,2
122276,1
330625,1
459982,2
37020,1
248792,2
67871,-1
818267,0
899530,1
598012,2
105391,1
734981,-1
194458,1
525857,1
299185,1
303968,1
623420,-1
491902,0
405671,1
283285,2
314315,-1
342649,1
811594,0
877953,1
250020,2
482420,-1
811970,-1
410045,2
768287,2
10140,0
381026,1
824589,1
566239,0
168376,-1
925405,-1
175224,1
761939,0
701364,2
634818,0
691110,1
386807,2
885006,2
486755,-1
335914,0
961423,2
48070,0
86376,0
857017,-1
70184,1
808139,2
348386,0
924242,0
686843,-1
49160,2
302490,-1
183669,0
945556,-1
664348,2
556462,2
643411,1
428375,1
855864,1
566490,1
830535,0
382,2
373785,2
734921,1
171713,1
556800,1
88973,-1
658337,-1
4709,1
877084,2
445620,2
270537,1
703375,-1
46873,0
899754,0
795861,-1
812551,-1
535591,2
80055,0
570775,1
607294,2
346257,-1
834872,1
214043,2
613413,1
1960,1
591346,0
716050,2
449744,1
746121,0
576177,0
742262,1
603256,-1
995594,0
491003,0
258024,1
132811,-1
739061,0
515952,1
622935,2
448716,2
357570,1
459647,2
694067,2
342342,1
458106,1
943571,1
592617,1
847809,0
676499,1
393921,1
307201,2
814178,1
33055,0
316616,0
246745,2
28308,0
793207,1
334667,1
805610,1
747215,2
124201,0
360821,2
461119,1
301741,-1
491775,0
930852,2
208706,0
54869,0
62066,2
10993,0
629210,2
483522,1
810782,-1
801097,2
117955,0
857587,0
756775,1
886329,0
629213,2
130697,0
412538,-1
34139,-1
149935,0
813785,2
74650,-1
465837,-1
353152,-1
331104,-1
56069,0
723413,0
243069,2
482844,-1
516277,2
634035,-1
331193,2
474759,1
488620,2
839352,0
391234,-1
313648,2
659109,1
662221,0
296437,-1
193971,2
787920,0
535511,2
769581,2
349431,2
929265,1
795123,0
155398,0
725497,0
235678,0
369892,0
989976,-1
685160,1
345451,2
875429,1
588854,0
398409,1
142668,1
868078,0
449764,1
194389,-1
465891,0
861701,2
668682,0
859322,-1
397319,-1
662170,2
447574,1
550614,2
434903,2
939644,-1
629964,1
822224,-1
372060,-1
575133,2
996535,0
627536,1
773818,0
943559,0
910094,-1
40552,2
949845,0
893456,1
799680,2
478024,2
249709,-1
815643,0
10542,-1
313029,2
551318,1
682768,-1
541054,2
921977,2
40585,2
2551,1
3449,2
306708,0
33638,1
340490,-1
371368,2
403307,1
443723,2
917808,-1
109773,-1
964844,2
875387,2
807641,-1
190559,1
929097,2
216996,-1
305367,0
560286,0
643108,0
991972,0
65425,0
336322,2
126840,0
66121,2
619287,0
124378,1
587313,2
447439,0
699344,1
700265,-1
201084,1
787460,1
772476,-1
999493,1
649075,-1
754715,-1
20118,-1
606310,0
629888,0
138102,1
966636,1
260253,1
837801,1
411449,1
46829,1
422748,-1
703922,2
329328,1
604545,-1
194969,0
386862,2
778479,2
25665,-1
587685,1
154455,1
810205,-1
429754,0
497142,1
332117,1
689977,2
15344,1
348067,2
445232,0
110434,1
23501,0
745898,1
348993,2
86112,2
847851,1
609103,1
839077,0
257291,1
529894,1
589853,2
916547,1
479855,-1
715783,2
764927,0
784447,0
862004,0
788502,2
905470,2
59972,2
558929,2
749131,1
33039,2
692983,2
456800,-1
167743,0
206677,1
76347,1
975857,2
900572,1
776019,2
315754,1
618247,1
854472,0
767416,1
824297,0
226628,2
384950,2
470743,2
628227,1
569901,2
183605,2
39796,0
967810,2
842975,1
829262,1
43283,0
263778,-1
544747,2
160865,1
870306,2
317941,2
242541,1
264786,1
502689,-1
175518,0
966995,1
58075,0
936594,2
945413,2
956383,2
796714,1
994587,0
855668,-1
632029,1
99436,-1
498187,-1
459281,2
314913,0
343021,2
761759,1
9180,1
118420,2
144978,0
259239,1
597539,1
803311,1
678530,0
738379,1
784916,2
723261,2
520511,2
318150,-1
347280,2
658258,1
834309,2
742929,0
957353,2
892508,1
629115,2
45783,0
374554,2
533692,2
239498,-1
31211,2
236762,-1
499387,0
372368,2
264138,-1
76328,0
114951,1
814831,-1
268297,-1
87226,-1
145525,2
742467,1
733277,-1
556429,-1
984662,0
863695,1
718856,2
556202,0
458662,0
4008,0
65794,0
308686,2
77619,1
986237,1
536921,1
327880,2
519276,1
344602,1
369696,-1
183392,2
21776,0
103782,1
395442,2
528923,1
203021,2
210803,-1
244909,1
201132,1
333838,-1
242928,1
549548,1
971087,-1
198173,0
507787,2
744350,0
989276,1
464956,1
825104,0
893902,2
790917,1
939067,-1
44875,2
725908,2
162327,1
857432,1
512973,1
665155,2
481258,-1
101492,2
282384,0
563804,-1
380930,-1
63274,2
796774,1
642040,-1
500526,1
671048,-1
486218,1
511422,2
165759,1
645301,-1
710223,1
990571,2
569637,0
721243,1
548509,2
274643,1
695145,-1
255777,-1
593154,0
502769,2
599372,0
579198,-1
174276,0
952316,2
146567,2
519007,2
497620,1
83071,2
316882,0
441233,-1
534393,-1
313809,1
515011,0
53376,-1
449332,2
358684,2
910878,1
683328,-1
632209,1
63394,2
258494,0
17146,0
113406,-1
791872,0
30382,-1
468651,-1
807521,1
844696,2
37056,2
697676,2
108031,0
863487,1
550647,1
872306,2
368994,2
987129,-1
293586,0
659119,1
489550,0
688476,2
557113,0
458344,-1
343594,0
423020,0
3462,-1
256331,2
182779,1
726997,0
839310,1
366691,2
793782,2
761451,2
529987,2
880139,2
907108,1
95023,1
340565,2
313583,1
91110,2
674536,1
725981,-1
791988,2
10750,2
70886,0
568043,1
148204,1
955877,1
710384,-1
700357,1
403622,2
379890,2
214790,2
673915,2
599658,1
514363,2
12212,1
37585,1
269742,2
561455,2
233339,2
734564,0
152162,-1
652743,-1
842866,2
829108,2
427747,1
385763,0
867962,0
584277,0
977469,0
4565,2
596205,0
106146,1
194447,1
935981,2
382689,-1
877209,1
951367,1
886593,-1
413497,1
168716,2
779455,2
209806,0
556990,2
55922,-1
393562,2
980856,1
921808,1
463431,0
574520,-1
116121,-1
43620,0
941858,-1
977028,2
127189,-1
997627,1
146296,2
68755,2
969351,1
666496,-1
742828,1
594821,2
248163,1
212783,2
530408,-1
271077,2
29116,0
97327,1
103934,1
5281,-1
966764,1
833394,1
769034,0
427885,0
101015,-1
135053,0
445073,0
594718,1
485337,1
652031,-1
295823,2
898107,1
621822,-1
593768,2
724899,1
87739,-1
830073,1
142961,1
61106,-1
221043,2
696913,0
295268,1
753928,1
649950,0
238297,2
265204,-1
19559,1
305511,1
992050,1
346418,0
82564,1
212312,1
150821,0
680282,-1
711087,0
883893,1
360801,0
578270,2
788765,-1
684593,2
177297,1
658714,1
946725,1
935871,0
453781,-1
370318,1
702503,-1
278400,-1
944133,1
647470,-1
475065,1
592615,2
579070,2
134505,2
642708,-1
167603,2
555272,2
743195,1
959807,1
217024,-1
443267,-1
397017,1
596814,1
533952,2
800696,2
112363,1
988128,2
759592,0
684206,-1
159362,2
246328,2
304396,2
54264,1
908329,2
849716,2
424570,0
133226,2
624182,2
847038,0
534999,1
514432,1
489534,1
417355,2
714692,-1
250868,2
192977,1
645212,0
903171,0
214224,-1
332795,0
230188,0
957788,0
102140,2
574414,-1
471592,0
782767,2
151657,2
324578,-1
999173,1
741669,1
934059,1
219327,1
640084,2
865195,2
577052,0
507163,1
408984,2
639773,1
479385,0
169503,1
110462,0
251179,2
969955,1
933588,2
365700,0
267452,-1
797195,2
280489,0
149414,-1
942202,0
603517,1
326443,0
292224,1
521526,2
960021,1
806425,1
231162,0
568815,-1
966665,0
360405,0
495872,2
320667,2
66860,2
581466,2
248539,0
108857,2
644838,1
474280,1
787055,-1
277933,-1
273967,1
556307,2
807648,0
51870,2
94877,-1
116574,2
399562,2
730487,1
951265,2
926505,-1
170438,-1
372720,-1
591257,0
165101,2
152577,2
288444,1
57552,2
643771,2
958204,1
320134,0
210202,2
120685,1
326563,1
265061,-1
764221,1
177961,0
106628,2
282903,1
981255,-1
697050,2
699241,-1
646970,2
695251,0
832086,0
152329,2
561889,0
590212,1
914020,-1
675260,-1
307271,0
738307,-1
670025,0
140016,1
973171,-1
732909,-1
153191,1
716583,-1
422296,1
293089,1
134300,2
892921,2
465699,1
609512,2
580483,2
176298,2
884073,0
172648,-1
395722,2
351392,2
721553,1
681784,0
385663,-1
844602,-1
888673,1
976202,0
846688,2
954728,1
618950,1
762599,2
539961,0
550361,1
407571,0
656096,2
378318,1
967793,-1
75392,1
177800,0
408225,1
680118,2
297379,2
527068,2
434966,1
900632,2
130158,1
341406,-1
522679,1
483207,2
221942,1
587012,-1
441095,1
536195,0
43396,0
991333,1
542338,-1
966161,1
209660,2
653577,1
357971,-1
407024,-1
94220,1
638817,1
194215,0
856259,0
614917,0
621121,1
278551,1
106543,1
637263,2
868154,2
928749,1
311979,1
299209,-1
838786,0
740050,2
618306,2
125116,1
943217,1
556335,1
522328,-1
708449,0
76467,2
713495,-1
317157,-1
874864,2
769447,2
723661,1
169776,0
341817,-1
279315,0
56671,1
586033,-1
424489,1
670559,1
813882,1
743424,-1
998561,0
35843,-1
148459,2
141814,0
899926,1
66867,1
249425,0
827222,1
933298,2
717876,-1
76495,-1
170533,1
278,0
614316,0
215952,2
486044,2
565883,1
333596,2
774118,2
759320,-1
729321,1
734928,2
996973,2
263240,0
967543,1
88271,0
51682,2
765829,-1
526501,0
538022,1
464819,0
743385,1
352378,2
896685,0
344913,1
103328,2
317955,2
323535,0
884118,1
907600,2
319388,1
94543,2
906238,0
166594,1
498008,2
20718,1
137232,0
576299,1
213588,2
745401,-1
490678,1
407623,0
57607,1
874698,2
708834,1
698181,0
789444,0
846358,1
726457,1
721486,2
85593,1
612031,2
338459,2
11187,1
64779,-1
257851,0
222681,2
85769,2
491695,2
69652,0
978637,1
194315,2
842272,1
566358,0
836624,0
896889,1
928128,0
32619,2
4454,0
300730,1
462746,2
18230,2
762818,2
786587,2
709164,2
310079,0
300903,2
311755,1
52324,1
756349,2
360063,2
679442,0
121576,1
491908,2
660702,0
728978,-1
849682,1
548683,1
277746,0
912506,2
261231,0
481398,0
529619,-1
864134,1
764226,2
257799,1
366010,0
578643,2
857669,2
478994,1
673788,2
836471,1
5195,2
744071,2
819993,0
105033,2
577219,0
451731,1
839701,2
873740,2
103273,1
829729,0
687709,1
975580,2
992939,-1
755969,1
425274,-1
449925,0
673834,0
242524,2
699239,1
964461,-1
189638,2
440494,1
286814,1
947754,1
611158,2
930418,2
881582,0
321503,-1
978268,-1
90863,0
461856,2
159752,1
893413,2
97582,2
70433,0
54251,-1
202195,1
410018,2
505784,-1
273223,2
886247,2
938271,-1
943867,1
131809,0
617622,-1
377222,-1
477261,0
640045,1
965900,2
19444,0
359565,1
608805,2
232495,1
123701,2
817217,-1
635161,0
247020,-1
617451,2
938781,2
30759,1
705452,1
349996,2
119394,2
896443,2
719233,2
607289,-1
303795,1
123568,0
287032,1
914400,0
24611,0
441152,2
100465,0
257636,0
587932,1
323729,-1
50830,2
599546,1
552116,1
878865,2
494211,2
803869,1
882581,2
535734,2
995446,2
318172,1
51166,2
801017,0
447285,-1
735991,1
100505,1
72085,0
844827,0
204185,-1
135358,1
265254,1
426503,-1
226392,0
829793,-1
822833,1
613321,1
789678,2
167452,0
134392,-1
761645,2
265477,2
456308,-1
928781,-1
488311,2
637257,1
398134,0
291255,2
636686,-1
691251,2
717856,1
921344,-1
16525,0
738565,0
114799,0
64363,0
349755,0
709627,1
896596,1
126674,2
20322,2
344127,-1
380343,0
431495,2
666836,0
979256,1
522596,-1
922437,2
936407,2
177547,2
854940,2
219086,1
285478,0
376394,1
278668,2
803944,0
919590,2
671551,1
944137,0
794925,-1
756835,0
485914,1
60176,1
45335,2
155423,0
777221,2
302729,1
270476,0
564907,-1
868071,0
511137,2
765166,0
686589,-1
179460,1
979548,2
161158,1
122086,-1
242717,-1
820265,2
301262,2
548778,2
50847,2
816109,1
529955,0
223003,-1
306003,-1
670436,1
927913,0
797806,2
518697,1
320211,1
312148,2
703919,1
951694,1
78201,2
178353,1
856674,2
88796,2
763171,1
961797,-1
331941,0
61059,2
228395,1
906839,0
796076,-1
550181,2
584668,-1
858574,1
397634,0
774584,1
376780,1
571842,0
598952,-1
251053,2
156160,1
209792,-1
623700,2
386349,0
975607,2
710461,0
414286,-1
504386,1
615210,1
686504,2
201360,1
477876,2
857523,1
65576,0
311290,0
354703,2
713717,0
3484,-1
333986,1
433077,0
987845,0
487343,0
389631,-1
349078,2
110116,0
853938,2
280471,0
528472,1
148108,1
344553,1
916759,1
259516,1
961234,2
423634,1
857805,2
397365,2
857555,-1
989563,2
288858,1
29623,1
296324,1
195452,1
89006,-1
685999,2
953360,0
398016,-1
23380,0
858247,1
251406,2
892567,-1
544308,-1
736038,-1
788588,0
422746,2
839256,-1
151320,0
306785,1
847300,-1
992698,0
659398,0
147593,-1
145217,1
223963,1
810561,1
291291,-1
703836,1
211575,-1
238579,1
210624,2
819555,1
558154,-1
592357,1
276482,2
673932,1
995721,0
592147,-1
773618,1
684165,2
350641,2
87764,1
272814,0
435767,2
62657,0
296443,0
263147,1
671827,0
928178,0
467586,0
755440,2
254496,-1
460932,2
147670,2
569718,2
643831,1
886969,-1
232075,0
109532,0
468568,-1
4936,2
203154,2
27673,2
129667,1
98126,0
279960,-1
417611,-1
179502,-1
649846,0
972392,1
690263,2
844854,1
64801,1
725765,0
500151,-1
137665,0
327170,1
737240,2
835581,1
975161,0
76414,1
957883,2
946476,2
933294,2
854047,0
117233,1
270551,2
65083,-1
202684,2
64863,2
390621,0
149562,0
292543,2
263451,1
40122,0
573893,1
774671,2
879851,-1
86848,-1
397160,1
475194,0
637080,2
740039,2
925132,0
629995,1
687834,1
869772,2
762016,1
926397,2
647788,0
562390,1
535086,0
424682,2
877815,2
696873,1
475889,1
31358,1
378750,-1
444206,-1
608581,1
728954,1
957113,-1
801794,0
518225,2
358103,1
680249,-1
330131,-1
639079,1
568837,-1
674514,-1
408712,1
751683,0
83788,2
870105,2
506017,0
990787,1
249793,2
500428,-1
474046,0
285709,0
738823,-1
713163,1
254402,1
784922,2
172957,2
152465,2
808051,1
485595,-1
907857,2
976351,-1
890487,1
22342,-1
793794,0
397069,2
696234,1
446222,-1
421398,2
133429,2
906252,2
414092,1
921186,2
73317,1
750866,0
404488,1
217262,1
82084,0
178765,-1
856902,1
128311,-1
28674,-1
622104,0
530054,2
381560,1
98355,-1
740344,-1
138808,2
170089,0
226215,0
423833,-1
369913,2
95896,2
97840,-1
89084,2
239009,-1
366412,0
851148,1
474593,1
633845,0
51545,1
278633,1
39361,0
221510,2
66321,2
66661,1
613615,2
942704,2
15587,1
353103,0
271735,0
159461,-1
807877,2
934854,2
409387,0
203644,-1
635192,0
772176,1
227248,-1
319106,0
128668,2
731220,-1
311826,1
808440,1
615105,0
723926,2
582734,2
520223,2
858352,2
606234,-1
276096,0
254986,1
381775,-1
592526,1
230347,-1
61228,-1
819339,1
995982,1
727863,-1
186751,2
964719,0
125624,0
344973,1
949789,1
599330,1
265518,1
298147,0
226325,2
239874,2
301650,2
157290,1
345248,0
137668,1
387140,0
393316,0
940665,-1
206952,0
541428,-1
886796,2
546374,-1
922849,0
857364,-1
528773,2
348027,1
534413,-1
447525,1
607037,1
136714,2
698954,-1
496231,1
112559,1
746719,1
56423,2
111610,-1
59106,1
324423,1
903495,0
522578,1
330418,0
170036,1
811734,-1
336133,2
61446,1
286684,2
86718,-1
378434,1
95056,2
157217,0
678843,2
131307,1
531053,-1
947694,1
759959,1
976235,1
772212,2
869188,2
7256,0
910026,2
970748,1
960297,2
487259,0
2648,1
93493,2
320569,-1
435902,0
24812,-1
709950,1
191870,0
544288,1
599634,0
948396,2
628855,-1
219705,2
76369,2
209707,1
529193,-1
488505,0
649995,1
328227,1
734220,2
569724,1
617157,1
835618,-1
497694,1
6641,0
791125,2
479666,-1
232716,-1
786460,0
492966,2
885363,0
346906,1
295934,-1
650486,0
958263,1
939823,1
69802,2
264749,1
744004,-1
903111,1
464048,-1
353129,0
781817,2
105244,1
899313,1
421940,0
651955,0
966826,2
277192,2
557101,2
16077,2
788753,2
636671,-1
209113,2
17873,2
263873,0
818047,2
274518,1
137245,0
210901,-1
452172,0
814366,2
212158,2
90901,1
143454,0
761556,0
505773,-1
601972,0
74231,0
815985,1
481732,1
627871,1
594469,1
350756,0
269893,1
6511,2
436306,-1
780075,2
143536,-1
635339,-1
904919,1
775083,2
201705,1
71322,1
718755,2
355397,2
7480,2
676361,2
27930,2
689435,2
6365,2
117872,1
303319,1
758069,-1
519052,0
173245,1
906749,2
9631,1
186664,0
818801,1
610128,2
200984,1
946451,2
588728,1
132012,2
746803,1
684358,2
180750,-1
997932,1
291282,1
865532,1
937154,0
272540,0
28014,-1
54105,1
677318,2
142298,-1
546152,0
131990,2
930247,1
405814,0
849259,2
970178,2
775969,2
251906,1
209894,2
82633,2
216329,1
147245,2
375068,-1
432029,-1
681008,1
985356,0
83642,1
924379,2
474657,1
966145,-1
943890,1
226367,-1
60192,1
893971,0
418543,2
13358,1
520619,-1
321598,1
741056,2
936461,2
143146,-1
535965,1
281202,1
165837,2
613580,0
446237,0
897909,0
35072,2
334267,-1
150295,1
414005,0
691449,-1
586333,2
805955,-1
994946,1
535234,-1
990339,1
245539,-1
142285,1
471258,-1
181421,2
804056,2
250453,2
422794,2
896160,1
493299,2
579107,0
853420,1
661565,2
373413,1
962094,2
41812,2
504594,1
507593,0
210061,1
287454,1
536194,-1
814693,-1
400723,0
397613,-1
609991,1
343360,2
519580,0
631971,0
468411,2
239916,1
937873,-1
562422,1
422498,2
88056,2
370179,1
729780,1
758644,0
965567,2
327049,2
973414,2
109041,1
457236,0
703005,2
666461,2
200379,2
800041,0
645036,1
888342,-1
308411,0
896890,2
346042,1
211349,1
719119,2
599794,0
710238,-1
654615,1
744157,2
68991,1
62494,1
119981,0
858023,-1
470649,1
824428,-1
499614,-1
382254,0
927245,1
63744,1
175662,0
808354,1
859015,2
22385,2
245056,2
237976,2
884803,2
107153,2
467496,1
935108,0
835385,0
345228,1
656751,1
64369,1
822812,-1
893774,1
300949,2
368266,1
762993,1
364409,1
165076,2
845006,2
482039,-1
934736,1
964388,0
57305,2
955294,1
64942,1
339722,2
804326,0
196186,2
945210,0
910005,1
256047,-1
684487,-1
596984,-1
100902,1
555448,-1
972459,1
925684,0
331377,1
326789,0
649869,2
447927,2
162757,1
121988,0
876900,2
428436,2
980099,0
469400,2
69303,0
901450,2
469091,-1
107745,-1
759608,1
105104,-1
937094,2
505536,1
166852,1
955751,1
297133,1
840457,-1
246498,0
453796,0
752359,2
680137,0
651615,2
34294,2
566577,-1
546774,1
672130,2
180963,2
894127,-1
818501,1
57049,-1
480533,0
249370,1
175803,0
390055,-1
797992,2
720945,2
538702,-1
526631,2
233659,0
288602,0
810965,2
111100,2
528758,2
564829,2
538223,-1
39918,0
128542,1
110687,1
198596,1
64585,0
586728,1
223741,0
753397,2
290174,2
542214,2
372837,-1
288012,0
94780,-1
964126,0
869801,2
366133,1
702070,1
407850,-1
681790,2
528548,1
830318,1
720943,2
355391,2
910133,-1
644426,2
892393,2
147139,0
242092,-1
337513,-1
442543,-1
331242,2
697685,2
238142,2
639271,0
390876,0
892822,0
368716,2
391611,2
26366,1
830437,-1
213126,1
421994,1
585939,1
475433,1
481193,1
388001,0
721285,2
395050,-1
577469,-1
211607,2
574907,2
805807,0
661405,0
767832,0
851400,2
726350,0
826614,0
821952,2
468095,-1
225454,1
937705,1
346504,2
372790,0
715616,2
281080,1
361431,0
434867,1
425309,0
698813,2
615023,1
641,1
937551,-1
133842,2
252814,-1
575434,2
242013,2
206664,-1
399851,0
104630,1
237325,2
814076,2
438092,-1
902087,2
845881,1
93753,1
746802,2
545644,2
494858,-1
744232,0
518375,2
673188,2
650394,0
579240,1
283548,1
964677,1
733088,0
795451,1
189822,1
554376,2
83587,-1
77193,2
802848,2
258627,1
665792,2
322201,-1
23535,2
630135,0
848949,0
802178,2
203862,-1
239658,1
456223,0
586979,0
474632,1
651329,-1
889489,0
725388,1
477844,-1
376894,2
402248,1
310164,1
130849,1
374093,1
481749,-1
463808,1
288000,1
845217,2
757316,0
262230,1
167856,-1
215975,2
182510,2
396184,-1
449083,1
627919,1
944107,1
314291,-1
907344,0
380697,0
374602,2
568728,-1
32358,2
358751,2
601169,2
563515,2
825374,1
401164,-1
269512,2
736903,0
665185,-1
703493,1
649176,0
89747,1
801434,0
750936,2
62996,1
197941,0
931726,2
999411,1
166179,2
415347,1
703334,2
535633,0
848046,0
26885,2
656503,2
876235,-1
253058,0
335901,-1
486930,1
519709,1
751553,1
15916,0
876083,0
549489,0
484787,-1
339205,1
293922,0
716370,0
121979,1
355364,-1
652890,2
736209,1
506571,-1
874194,-1
24852,-1
960566,-1
932863,2
329246,1
339552,1
175017,1
605037,0
910328,-1
379922,1
620027,2
798220,1
378654,-1
90310,0
660044,1
143190,2
350310,1
743542,2
66186,-1
772331,1
205514,2
743938,1
534691,0
52110,-1
179889,2
921175,0
516392,2
967962,2
8838,1
192236,2
212983,0
203985,2
710768,0
524220,0
750797,1
964888,-1
969489,-1
178619,-1
704138,-1
132174,1
46263,-1
817449,1
870810,1
233755,2
609080,0
981674,0
417942,1
992917,1
84796,1
346872,0
631393,1
340881,2
216823,1
182348,2
567946,1
141268,1
684612,2
687469,-1
702863,0
286035,1
284067,1
458157,2
834117,1
255010,2
797499,2
646377,2
940776,2
195519,2
993798,1
364112,1
197836,0
245546,2
365759,2
896324,0
351010,-1
502504,2
332354,1
484950,2
37265,2
202025,-1
886374,2
180486,1
687405,0
298447,-1
9338,0
982971,2
328782,2
208788,-1
477780,1
941588,0
576611,0
947570,-1
997910,0
74986,1
496365,0
502482,2
961810,-1
94242,1
183339,1
780613,-1
658499,0
144485,-1
485804,1
265961,2
974437,1
430035,1
906357,-1
327332,0
460921,1
493471,-1
16241,2
58712,1
816270,0
910551,2
771337,-1
573204,-1
367907,0
372518,1
639437,-1
474666,2
648482,1
143860,0
114275,2
358451,1
576988,0
346022,1
533375,1
887942,0
643526,1
435200,1
73621,0
430733,0
187712,0
216777,2
236330,1
615817,2
279661,2
515797,1
846929,-1
927705,-1
337882,2
651214,-1
751056,-1
248125,2
659759,1
44797,-1
798117,0
638313,-1
204555,2
540417,1
352057,-1
799088,1
934720,0
529609,0
358662,1
704245,0
932974,1
531048,1
71743,2
767345,-1
530839,2
815047,2
128752,-1
39654,0
132905,2
116459,1
165532,0
502758,-1
284295,0
29769,2
818671,2
201465,2
663088,-1
184683,2
281280,-1
496917,-1
229445,2
906993,0
734003,1
970888,0
75892,-1
829171,1
487955,1
127968,1
274632,-1
731069,2
221632,0
769168,2
641285,0
454883,-1
821566,1
314629,2
82988,0
696785,-1
797805,1
525201,-1
599152,-1
466357,1
191679,1
777617,0
3581,2
176471,2
188510,1
852019,2
687573,1
1499,1
687976,1
815050,1
670948,1
321255,0
683149,2
157906,0
723426,0
977979,0
693058,1
917095,2
197950,2
812383,2
122505,0
913830,0
286098,-1
76092,0
544534,1
370160,0
527515,-1
617472,2
177127,2
173098,1
328325,1
443275,2
662169,2
745784,0
877890,0
129486,-1
57431,2
184494,2
653677,1
77414,0
766841,0
340443,2
331063,1
560136,-1
791454,1
804182,0
996054,0
997577,2
678955,2
146227,2
299148,1
964213,2
703910,2
651805,-1
360112,2
554929,-1
460850,1
266567,1
988459,0
54960,2
262128,1
390911,0
663234,0
207607,1
166012,2
215025,0
819232,-1
738464,2
152114,2
812759,-1
249602,2
802862,2
713304,1
577367,-1
491349,1
652650,0
967930,-1
900531,-1
869994,-1
677812,1
576783,1
401607,2
935016,1
743175,-1
966359,0
208243,0
332009,2
486157,1
343615,2
462164,1
407405,2
931719,0
642445,0
940529,-1
693850,2
846956,1
999669,2
256463,-1
37534,1
930321,0
495749,2
363368,0
482774,2
968706,2
984473,1
537348,1
511380,0
74611,0
714843,-1
83398,-1
953071,2
644182,-1
636836,0
591233,2
479785,1
366080,1
86880,1
285987,0
560727,1
248082,0
53406,1
152769,1
953075,1
798231,0
596716,2
496433,2
68652,-1
415102,2
247580,1
739680,2
467608,0
120848,0
799462,0
580292,2
943835,1
990402,2
955360,2
947963,2
784748,-1
502914,0
365296,2
158992,2
471246,1
345671,2
687199,-1
321723,0
174439,1
442391,1
750827,2
171801,1
165677,2
563428,-1
464821,1
116432,1
204331,2
644706,0
305351,2
731500,2
17208,-1
19337,0
8755,-1
133797,0
255140,-1
627021,1
914045,0
763365,2
655183,1
773911,0
411123,0
125139,-1
647348,0
335490,1
660005,1
612647,0
53118,0
402290,2
954816,-1
285572,-1
682172,0
229711,2
17840,1
959088,-1
638708,1
940588,1
288271,2
961513,-1
46205,-1
27319,1
634943,2
895714,-1
875167,1
78329,0
867455,0
470892,1
